Country,region,1995,1996,1997,1998,1999,2000,2001,2002,2003,2004,2005,2006,2007,2008,2009,2010,2011,2012,2013,2014,2015,2016,2017,2018,2019,2020,2021,2022,2023
AFGHANISTAN,South Asia ,0.0,0.0,0.0,0.0,0.0,180.1883694,142.9033644,182.1740382,199.6432265,221.8305307,254.115276,274.0153923,376.3182996,382.5338072,453.3873851,562.4992216,608.7388504,653.4174749,638.733181,626.5129291,566.8811297,523.053012,526.140801,492.090631,497.7414313,512.055098,355.7778264,352.6037331,0.0
ALAND ISLANDS,Europe and Central Asia ,0.0,0.0,0.0,0.0,0.0,0.0,0.0,0.0,0.0,0.0,0.0,0.0,0.0,0.0,0.0,0.0,0.0,0.0,0.0,0.0,0.0,0.0,0.0,0.0,0.0,0.0,0.0,0.0,0.0
ALBANIA,Europe and Central Asia ,750.6044492,1009.977111,717.3800477,813.7893966,1033.242532,1126.68334,1281.659826,1425.124219,1846.120121,2373.581292,2673.787816,2972.743621,3595.038295,4370.539716,4114.134033,4094.349686,4437.141161,4247.631343,4413.063383,4578.633208,3952.803574,4124.05539,4531.032207,5287.660801,5396.214243,5343.037704,6377.203096,6810.114041,8367.775731
ALGERIA,Middle East and North Africa ,1466.54468,1619.532412,1634.46741,1610.302978,1602.864915,1780.376063,1904.215554,1945.191929,2292.317581,2827.227165,3248.099814,3681.290988,4192.663169,5217.991822,4270.858451,4958.259379,5974.570087,6096.090015,6044.674903,6164.644699,4741.49977,4481.081962,4615.868744,4640.314145,4530.101745,3794.409524,4216.251285,5023.252932,5260.20625
AMERICAN SAMOA,East Asia and Pacific ,0.0,0.0,0.0,0.0,0.0,0.0,0.0,8800.72881,9043.682367,8832.818519,8733.014287,8673.927195,9187.166344,10019.50225,12191.59773,10446.86321,10495.30473,11920.06109,12038.87159,12313.99736,13101.54182,13300.82461,12372.88478,13195.9359,13672.57666,15609.77722,16653.71378,19673.3901,0.0
ANDORRA,Europe and Central Asia ,18731.65019,19081.54924,18253.0777,18592.24364,18891.09897,21674.29972,22829.04465,24901.97214,32025.94895,37698.32613,39599.68044,43122.59865,50629.73809,53938.85213,49950.9335,48237.89117,51428.19695,44902.38077,44747.75386,45680.53499,38885.53032,39931.21698,40632.23155,42904.82846,41328.6005,37207.222,42066.49052,42350.69707,46544.72072
ANGOLA,Sub-Saharan Africa ,398.1136141,454.3766498,516.1286023,423.4037112,387.689438,556.884253,527.4641105,872.6576314,982.8055874,1254.696119,1900.723809,2597.963587,3121.348725,4081.717506,3123.698885,3586.663694,4608.155166,5083.826873,5061.349253,5011.984427,3217.33924,1809.709377,2439.374439,2540.508879,2191.347764,1450.905111,1927.474078,2933.484644,2309.52162
ANGUILLA,Europe and Central Asia ,0.0,0.0,0.0,0.0,0.0,0.0,0.0,0.0,0.0,0.0,0.0,0.0,0.0,0.0,0.0,0.0,0.0,0.0,0.0,0.0,0.0,0.0,0.0,0.0,0.0,0.0,0.0,0.0,0.0
ANTIGUA AND BARBUDA,Latin America and Caribbean ,9006.327887,9729.664333,10311.89577,10882.47482,11318.11835,11998.55908,11513.67598,11632.73384,12141.60174,12999.34738,14319.884,16114.07563,18134.26648,18708.97335,16401.02733,15149.7235,14774.03218,15136.84111,14977.07183,15451.49524,15985.54114,16449.05915,16803.87023,18133.8226,18730.0048,15224.85859,17178.54372,19919.72669,21560.21533
ARGENTINA,Latin America and Caribbean ,7383.70451,7690.157003,8176.771195,8250.673174,7735.32208,7666.517834,7168.975872,2579.488769,3333.152904,4258.160261,5086.627761,5890.978002,7210.595548,8977.506851,8184.389889,10385.96443,12848.73915,13082.66433,13080.25473,12334.79825,13789.06042,12790.26414,14613.03565,11795.16275,9963.674162,8500.837939,10650.86046,13650.60463,13730.51471
ARMENIA,Europe and Central Asia ,441.8940018,484.091641,501.1565152,584.3842673,575.6284792,603.2980252,676.1500113,765.3161777,910.1712617,1166.638204,1608.163408,2109.526384,3064.279963,3908.94906,2917.366242,3143.02948,3462.681778,3643.715401,3833.157074,4017.229914,3666.141822,3679.952347,4041.995071,4391.92327,4828.504886,4505.867742,4972.783204,7018.051504,8715.765336
ARUBA,Latin America and Caribbean ,17140.43337,17375.22531,18713.42539,19742.31674,19833.82675,21026.16709,20911.19277,21375.26912,22050.58987,24105.52412,24978.22167,25832.92556,27665.29948,29011.63906,25740.77023,24452.58874,26043.15633,25611.17577,26514.86898,26940.26411,28419.26453,28449.71295,29329.08175,30918.48358,31902.80982,24008.12782,29127.75938,33300.83882,0.0
AUSTRALIA,East Asia and Pacific ,20448.12197,22021.78391,23646.62305,21479.1142,20712.66978,21870.41597,19695.72974,20301.84317,23718.13385,30836.73068,34479.76793,36595.70715,41051.61207,49701.28178,42816.5674,52147.02419,62609.66072,68078.04423,68198.41934,62558.24388,56758.8692,49918.79393,53954.55349,57273.52048,55049.57192,51868.24756,60697.24544,65077.67667,64711.7656
AUSTRIA,Europe and Central Asia ,30325.84958,29809.07677,26705.4786,27361.87511,27183.47593,24625.60072,24558.76368,26527.59309,32294.04886,36889.23351,38417.45779,40669.32696,46915.3374,51919.98358,48153.32402,46903.76159,51442.27625,48564.91734,50731.12725,51786.37717,44195.81759,45307.58786,47429.15846,51466.55656,50067.58573,48789.49785,53517.89045,52084.6812,56505.96828
AUSTRIA-HUNGARY,Europe and Central Asia ,0.0,0.0,0.0,0.0,0.0,0.0,0.0,0.0,0.0,0.0,0.0,0.0,0.0,0.0,0.0,0.0,0.0,0.0,0.0,0.0,0.0,0.0,0.0,0.0,0.0,0.0,0.0,0.0,0.0
AZERBAIJAN,Europe and Central Asia ,314.5580191,409.1855438,505.5162042,561.9068079,573.8935287,655.0972496,703.6709986,763.1088955,883.6925807,1045.013633,1578.36733,2472.957257,3851.330152,5574.468104,4950.39949,5843.533768,7189.818692,7495.865277,7875.345367,7890.840281,5500.503646,3880.685228,4147.198142,4739.794312,4805.753718,4229.910649,5408.045352,7770.594223,7155.083604
BAHAMAS,Latin America and Caribbean ,11447.0179,11835.38679,20415.70617,21665.38786,23991.7008,24849.60648,25234.14415,26590.14018,26204.8805,26393.41395,28280.87084,28829.84938,29687.86522,29013.63029,27120.69055,27046.65767,26644.92658,28059.6554,26956.56684,28201.5568,29722.40684,29661.14108,30666.88387,31389.927,32173.95818,24499.16476,27871.37233,32041.25039,34749.63829
BAHRAIN,Middle East and North Africa ,10851.3818,10964.9956,11061.80211,10455.72689,10877.20012,12738.77412,12291.83261,12819.99594,14230.29675,15777.96364,17705.23516,19057.7989,20883.54803,23155.82145,19448.18326,21186.81433,23741.55746,25102.72635,25790.73031,25464.7601,22850.6654,22877.93518,24315.49759,25415.84662,25869.11291,23433.18724,26850.00339,30146.92503,29084.30713
BANGLADESH,South Asia ,322.0873898,387.3848632,395.3180524,401.9651801,404.4861431,413.1001853,410.0485409,407.9629676,440.7144048,469.1164584,493.0432506,503.3746345,552.337247,630.1483077,698.5030788,776.835744,856.1788328,876.5216529,973.8286176,1108.522513,1236.435456,1659.888173,1815.47222,1963.312441,2122.037652,2233.767282,2457.964466,2687.899063,2529.080127
BARBADOS,Latin America and Caribbean ,8451.958599,8994.324063,9491.475434,10685.26061,11173.94937,11560.2459,11510.04043,11658.62904,11998.17569,12828.43895,14173.75138,15595.16835,17225.53436,17570.78291,16314.66922,16507.43054,16924.06692,16736.92183,16952.13443,16980.02706,17040.41761,17398.98708,17910.7831,18335.95006,19156.03987,17028.41378,17586.33001,20738.45119,22672.61544
BELARUS,Europe and Central Asia ,1370.478457,1452.507105,1396.657187,1511.259791,1210.587439,1276.280381,1244.373185,1479.380663,1819.526531,2378.337005,3126.071767,3848.223503,4735.481076,6376.175692,5352.488092,6034.678852,6527.659343,6953.215917,7998.080205,8341.290143,5967.06856,5039.775609,5785.533977,6360.053101,6837.768321,6542.86454,7489.718947,7994.648061,7829.053137
BELGIUM,Europe and Central Asia ,28413.82644,27489.55518,24820.93805,25338.44329,25252.80191,23098.88651,23015.07126,25006.1914,30655.20927,35429.40779,36809.70134,38705.1068,44319.16545,48303.39796,44760.29124,44184.94635,47410.56693,44670.56068,46757.95186,47764.07151,41008.29672,42012.62272,44198.48239,47544.98115,46641.7214,45587.96831,51863.83116,49942.09064,53475.2935
BELIZE,Latin America and Caribbean ,4011.140031,4042.152482,4011.022238,4119.706172,4283.477069,4720.168218,4708.294937,4844.228574,4937.089905,5123.596214,5236.365426,5486.831434,5717.92962,5665.966232,5352.095987,5399.062096,5519.339008,5635.521526,5865.470902,6031.548402,6098.60008,6099.957102,6049.391948,6001.024262,6134.215233,5185.15807,6060.968223,6984.21696,7987.585955
BENIN,Sub-Saharan Africa ,358.822987,380.5882869,355.1420718,372.8773466,541.7022593,502.9979811,508.3474477,564.3790577,698.4087773,784.1190751,805.9046853,837.1320025,944.6431721,1098.946679,1061.71836,1009.489495,1099.414311,1112.569536,1214.295565,1251.504765,1041.652523,1049.820304,1095.274458,1194.438215,1170.885995,1240.733155,1360.911474,1304.994797,1434.662834
BERMUDA,North America ,33989.72316,44826.78907,48478.88325,51371.74081,54245.45974,56284.16865,58883.95943,62583.1002,66111.72523,70359.31911,75882.03386,95221.85887,104287.3875,106935.4863,101407.764,101875.2841,97774.16207,98431.86518,99471.6389,98467.68399,102005.6256,106885.8785,111820.5815,113050.7369,116153.1661,107791.8864,114274.622,123091.1235,0.0
BHUTAN,South Asia ,550.6562279,564.4869443,644.0878036,652.3610292,699.3313359,784.6184027,822.4175456,903.5571776,1027.273391,1131.321034,1297.092066,1400.469178,1842.344735,1910.174218,1908.249648,2371.97209,2717.449948,2689.792866,2624.765194,2793.931303,2899.228294,3097.961234,3427.173845,3389.777303,3564.598771,3181.339747,3561.225287,3704.018395,0.0
BOLIVIA,Latin America and Caribbean ,856.3650535,925.8492101,973.9626322,1025.409495,981.7529782,977.3294177,930.8756843,888.198576,892.3553416,951.9516229,1018.313725,1200.068042,1351.035182,1687.578497,1725.146286,1922.058571,2304.982462,2562.466784,2853.797162,3022.462884,2975.648811,3013.502707,3280.008214,3471.006951,3472.380831,3068.812555,3345.023002,3600.121635,3700.978338
BONAIRE,Europe and Central Asia ,0.0,0.0,0.0,0.0,0.0,0.0,0.0,0.0,0.0,0.0,0.0,0.0,0.0,0.0,0.0,0.0,0.0,0.0,0.0,0.0,0.0,0.0,0.0,0.0,0.0,0.0,0.0,0.0,0.0
BOSNIA AND HERZEGOVINA,Europe and Central Asia ,497.6828466,712.9536456,907.1487832,1000.416835,1128.398884,1332.210217,1382.76746,1602.564039,2031.402483,2451.577301,2741.080175,3170.174783,3936.931747,4846.790941,4542.311673,4506.932352,4980.904688,4688.345823,5025.241753,5196.970084,4654.60862,4917.263766,5327.392304,6024.49315,6094.724823,6095.104237,7237.274463,7587.588173,8426.09111
BOTSWANA,Sub-Saharan Africa ,3064.585985,3063.994566,3100.165638,2893.328745,3242.137335,3351.696517,3115.679,3029.788362,4111.738085,4818.213103,5240.316159,5142.913834,5372.340732,5345.848752,4938.249906,6041.732051,7080.778643,6392.987347,6436.603319,6844.03325,5869.737579,6411.551862,6705.340846,6947.817841,6691.160846,5875.070435,7244.158548,7726.110997,7249.799326
BRAZIL,Latin America and Caribbean ,4704.959837,5121.905407,5240.127176,5049.764669,3456.423303,3726.811669,3142.23514,2824.715413,3056.649798,3623.224462,4773.268551,5866.023414,7323.191594,8801.757876,8569.902547,11249.29189,13200.55623,12327.5131,12258.56571,12071.40446,8783.215424,8680.736469,9896.718895,9121.020995,8845.324149,6923.699912,7794.880979,9065.497334,10043.62392
BRITISH INDIAN OCEAN TERRITORY,South Asia ,0.0,0.0,0.0,0.0,0.0,0.0,0.0,0.0,0.0,0.0,0.0,0.0,0.0,0.0,0.0,0.0,0.0,0.0,0.0,0.0,0.0,0.0,0.0,0.0,0.0,0.0,0.0,0.0,0.0
BRITISH VIRGIN ISLANDS,Latin America and Caribbean ,0.0,0.0,0.0,0.0,0.0,0.0,0.0,0.0,0.0,0.0,0.0,0.0,0.0,0.0,0.0,0.0,0.0,0.0,0.0,0.0,0.0,0.0,0.0,0.0,0.0,0.0,0.0,0.0,0.0
BRUNEI,East Asia and Pacific ,0.0,0.0,0.0,0.0,0.0,0.0,0.0,0.0,0.0,0.0,0.0,0.0,0.0,0.0,0.0,0.0,0.0,0.0,0.0,0.0,0.0,0.0,0.0,0.0,0.0,0.0,0.0,0.0,0.0
BULGARIA,Europe and Central Asia ,2259.259226,1470.192593,1361.409384,1820.448664,1659.718611,1621.262107,1770.907049,2092.982886,2719.494369,3389.687434,3899.825963,4523.146558,5888.776852,7271.303389,6988.273163,6863.667068,7857.16707,7430.73738,7687.713682,7912.274844,7078.860323,7570.931655,8381.881346,9447.655897,9874.336326,10148.3424,12219.34187,13974.44925,15797.59558
BURKINA FASO,Sub-Saharan Africa ,229.83266,243.5269235,224.6113439,250.4139444,293.8874446,249.8020757,260.4434731,286.7537149,363.818352,405.4512764,442.9444306,457.3420749,516.7503285,621.8902718,603.8775456,627.2703957,727.6124745,733.9728796,762.3037801,767.3713441,632.1266858,665.7863286,711.1845434,779.2027686,765.2295604,823.5524109,888.8036109,830.0439659,874.1212804
BURUNDI,Sub-Saharan Africa ,168.6271677,146.5361825,164.2334457,148.0895426,130.7530239,138.0046172,135.6064758,124.1393016,114.3670072,128.5384225,151.188541,166.2762452,170.7068765,194.7106346,204.5447556,222.6605832,236.4513475,238.2059453,241.5476657,257.8185574,289.3596272,242.5395273,244.1454222,232.0606166,216.9729709,216.8274175,221.1578034,259.0250314,199.5807602
CABO VERDE,Sub-Saharan Africa ,1184.176735,1192.329985,1139.217697,1185.58374,1317.573685,1176.707258,1208.457609,1311.214581,1693.978552,1900.888465,1972.784926,2220.098175,3268.305696,3839.863636,3592.315879,3500.977468,3880.069205,3583.461725,3757.659953,3739.278279,3169.078901,3312.696745,3534.343575,3860.454808,3903.050317,3126.399859,3489.973397,3883.911159,4321.579864
CAMBODIA,East Asia and Pacific ,315.142348,313.5846723,301.2196654,267.4097962,295.5912853,301.5165985,322.8998639,341.0367658,364.2753017,410.0861329,475.0693943,539.7473654,629.9210766,742.3979723,734.8151187,782.6957386,880.3103044,950.4825446,1015.220881,1098.074538,1170.742816,1281.105971,1400.899265,1533.315985,1671.3854,1577.91174,1625.235021,1759.608023,1875.071482
CAMEROON,Sub-Saharan Africa ,822.3632126,817.1840942,773.9271467,789.274292,786.8458877,700.1632362,706.9842173,780.2705538,976.5193032,1119.980861,1129.35798,1177.968605,1311.002963,1476.009078,1445.860248,1383.813864,1497.926586,1433.723927,1559.13905,1631.713985,1399.675336,1426.065481,1479.862223,1593.330753,1538.563063,1539.130545,1654.257037,1563.48894,1673.648889
CANADA,North America ,20679.63479,21296.97235,21901.56285,21024.58507,22315.24667,24271.00206,23822.09621,24256.01923,28301.86459,32145.54126,36383.66001,40504.0371,44660.08389,46710.25269,40874.88319,47560.6666,52223.85884,52670.34473,52638.11872,50960.84312,43594.1941,42314.06158,45129.62812,46539.17616,46352.86934,43537.8393,52496.84417,55509.39318,53371.69743
CAYMAN ISLANDS,Latin America and Caribbean ,0.0,0.0,0.0,0.0,0.0,0.0,0.0,0.0,0.0,0.0,0.0,87184.51299,89960.68303,89704.22255,81398.3236,76873.19532,75435.61523,75466.13587,75685.35837,76610.64797,77295.84566,78858.27966,81255.11227,85231.77515,89846.3211,84018.33258,88940.15659,96073.76359,0.0
CENTRAL AFRICAN REPUBLIC,Sub-Saharan Africa ,340.39968,299.6194897,271.1433006,272.1015401,273.4279279,243.8775801,242.5757268,253.4106704,283.6753481,309.1902428,317.8776779,340.4145171,388.4777717,446.2287704,452.9222365,459.7769818,515.2095035,525.867504,352.2268549,394.856933,351.8797548,372.1354561,414.7403223,435.9322966,426.4087531,435.4692478,461.137511,427.0580962,445.028196
CHAD,Sub-Saharan Africa ,209.8925997,223.2333882,207.3165614,226.328772,192.269472,168.1176582,200.3610081,225.947311,298.2498817,460.0670183,664.597656,716.6677684,806.7103188,936.4941371,808.1615235,896.8767046,988.19416,969.6161428,980.0835444,1017.787762,774.4116031,691.9800774,662.897473,720.2651014,701.621201,643.7722157,685.690315,699.4632545,719.3848752
CHILE,Latin America and Caribbean ,5094.393489,5376.770578,5789.705048,5467.188187,4980.010802,5102.968761,4610.592695,4477.187852,4823.257421,6185.303788,7560.543668,9418.274927,10456.83239,10797.04737,10204.55885,12764.59312,14637.75616,15397.78045,15842.15917,14675.15086,13567.35722,13788.24001,15034.05844,15820.03337,14616.20725,13162.59135,16185.91477,15411.17395,17093.24197
CHINA,East Asia and Pacific ,609.6043379,709.4158882,781.7425612,828.594691,873.2923363,959.3604314,1053.112314,1148.514257,1288.637491,1508.667916,1753.414192,2099.21943,2693.958732,3468.327063,3832.227457,4550.473944,5614.386022,6300.58218,7020.386074,7636.07434,8016.445595,8094.390167,8817.045608,9905.406383,10143.86022,10408.71955,12617.5051,12662.58317,12614.06099
CHRISTMAS ISLAND,East Asia and Pacific ,0.0,0.0,0.0,0.0,0.0,0.0,0.0,0.0,0.0,0.0,0.0,0.0,0.0,0.0,0.0,0.0,0.0,0.0,0.0,0.0,0.0,0.0,0.0,0.0,0.0,0.0,0.0,0.0,0.0
COCOS ISLANDS,East Asia and Pacific ,0.0,0.0,0.0,0.0,0.0,0.0,0.0,0.0,0.0,0.0,0.0,0.0,0.0,0.0,0.0,0.0,0.0,0.0,0.0,0.0,0.0,0.0,0.0,0.0,0.0,0.0,0.0,0.0,0.0
COLOMBIA,Latin America and Caribbean ,2571.46819,2652.103881,2860.04094,2595.543011,2236.072926,2546.850214,2465.007012,2421.162104,2305.170507,2811.459451,3448.538323,3782.603496,4762.083069,5534.689447,5245.951585,6392.758026,7392.943598,8096.801508,8263.641929,8167.472842,6228.651621,5936.261022,6449.970988,6782.03792,6436.509215,5308.164707,6182.955944,6657.086697,6979.725135
COMOROS,Sub-Saharan Africa ,823.6766103,801.26122,721.6273006,717.3181317,726.4888885,654.1804308,691.041978,761.9478882,959.2289876,1090.427169,1103.195417,1155.085675,1289.79485,1454.650909,1409.106672,1384.063283,1526.832639,1483.951558,1595.989818,1608.687877,1322.936776,1357.26623,1414.58669,1531.33781,1510.797324,1519.586781,1577.470841,1484.892465,1587.161896
CONGO,Sub-Saharan Africa ,771.6139457,902.0457464,807.8918994,663.7287028,780.5897055,1029.960689,859.4400125,910.8697108,1023.088496,1314.411281,1810.588942,2116.868943,2219.912307,2848.653163,2283.949872,2962.762481,3415.062374,3753.860928,3719.651036,3623.827057,2455.340858,2107.518618,2227.732609,2715.260418,2508.940444,2011.28344,2540.470024,2649.230634,2508.823395
COOK ISLANDS,East Asia and Pacific ,0.0,0.0,0.0,0.0,0.0,0.0,0.0,0.0,0.0,0.0,0.0,0.0,0.0,0.0,0.0,0.0,0.0,0.0,0.0,0.0,0.0,0.0,0.0,0.0,0.0,0.0,0.0,0.0,0.0
COSTA RICA,Latin America and Caribbean ,3240.711145,3194.112988,3373.410585,3580.933885,3653.754208,3773.033793,3941.598643,4021.425361,4123.506487,4376.080428,4643.45857,5188.361792,6055.086779,6841.91146,6737.860751,8147.243985,9137.455101,9971.651656,10633.26655,10737.67888,11529.95517,11899.81398,12118.13362,12383.14995,12669.34115,12179.25667,12604.04884,13365.3564,16595.37038
COTE D'IVOIRE,Sub-Saharan Africa ,769.2556834,1220.121445,1176.851968,1237.131416,1154.479067,986.7773529,974.7799853,1020.950491,1173.063882,1267.764824,1267.08731,1303.564966,1451.232532,1683.337506,1638.804685,1654.177959,1701.70464,1649.301616,1903.054229,2124.01943,1941.581898,1999.195372,2113.341524,2295.540336,2309.313583,2350.751397,2649.173048,2491.895934,2728.803246
CROATIA,Europe and Central Asia ,4930.335297,5298.885083,5330.3289,5711.485701,5267.630521,4952.309524,5363.832904,6219.643734,8192.60925,9723.364676,10446.44196,11505.41041,13762.67129,15900.46936,14422.91986,13697.4522,14664.36908,13452.9759,14002.2381,14035.85974,12135.10362,12634.31957,13655.47982,15132.9554,15218.5258,14383.8695,17943.41513,18673.17799,21459.78478
CUBA,Latin America and Caribbean ,2784.902605,2281.97555,2306.38394,2332.508217,2562.274105,2752.203783,2844.244437,3007.193074,3205.688398,3403.296163,3791.873006,4336.87333,4814.854876,4992.824494,5094.437562,5275.532601,6106.006792,6467.337914,6814.243844,7117.535735,7683.740254,8055.925868,8543.330067,8831.910409,9139.38051,9499.572504,0.0,0.0,0.0
CURACAO,Latin America and Caribbean ,0.0,0.0,0.0,0.0,0.0,0.0,0.0,0.0,0.0,0.0,0.0,0.0,0.0,0.0,0.0,0.0,19426.32638,19809.82232,19721.29216,19623.02999,19361.813,18944.09615,18938.24405,19119.12439,19220.6867,16356.09336,17980.08869,20492.81531,0.0
CYPRUS,Europe and Central Asia ,15261.41016,15139.22656,14234.24414,15092.82617,15287.91895,14388.34766,14821.44727,16093.21484,20252.23828,23792.62109,24959.25977,26729.32422,31244.92578,35397.36328,32236.53516,31105.02734,32485.80273,28991.92969,27797.45313,27244.34375,23487.21875,24715.14258,26697.00586,29419.88672,29419.99219,28281.41211,32745.83984,32048.24805,34701.44141
CZECHIA,Europe and Central Asia ,5824.121291,6532.837055,6034.488437,6489.703619,6337.41912,6029.038193,6637.041657,8060.868703,9818.568493,11749.85266,13430.6699,15261.79759,18466.54793,22804.57768,19861.69743,19960.06849,21871.26608,19870.80121,20133.16914,19890.91991,17829.69832,18575.23203,20636.19995,23424.48046,23664.84786,22992.87938,26822.51419,27226.61564,30427.42347
CZECHOSLOVAKIA,Europe and Central Asia ,0.0,0.0,0.0,0.0,0.0,0.0,0.0,0.0,0.0,0.0,0.0,0.0,0.0,0.0,0.0,0.0,0.0,0.0,0.0,0.0,0.0,0.0,0.0,0.0,0.0,0.0,0.0,0.0,0.0
DEMOCRATIC REPUBLIC OF CONGO,Sub-Saharan Africa ,130.3757303,130.8165421,135.8888891,135.4773904,99.75725083,392.6263338,148.4471235,168.9448053,167.9815754,187.856781,211.5726297,247.5419356,277.6120796,317.8892101,290.1556751,324.8277261,376.3749811,412.7762605,444.8643576,472.2662357,482.0645686,456.0279506,451.0890885,546.2125932,575.8827814,524.6666862,576.9747294,664.5935433,649.1439879
DEMOCRATIC REPUBLIC OF VIETNAM,East Asia and Pacific ,0.0,0.0,0.0,0.0,0.0,0.0,0.0,0.0,0.0,0.0,0.0,0.0,0.0,0.0,0.0,0.0,0.0,0.0,0.0,0.0,0.0,0.0,0.0,0.0,0.0,0.0,0.0,0.0,0.0
DENMARK,Europe and Central Asia ,35351.36546,35650.71409,32835.93994,33368.14242,33440.79481,30743.54768,30751.65435,33228.69354,40458.7774,46511.59833,48799.8256,52026.99951,58487.05497,64322.0635,58163.27688,58041.39844,61753.64713,58507.50805,61191.1937,62548.98473,53254.85637,54663.99837,57610.09818,61591.92887,59592.98069,60836.59241,69268.6518,67790.05399,67967.38187
DJIBOUTI,Middle East and North Africa ,790.5161067,766.315697,752.7494467,740.0389531,745.2067822,742.8656972,747.7791229,749.0816325,771.3742316,813.8979436,852.8901883,907.8179438,980.0310324,1131.635726,1164.251683,1227.820853,1322.726251,1418.460858,2102.197948,2239.114538,2409.311902,2545.738799,2655.73322,2755.838293,2876.043664,2921.738706,3062.551482,3278.138696,3606.416896
DOMINICA,Latin America and Caribbean ,3967.026809,4225.850637,4385.994541,4676.827165,4829.241889,4879.149773,4991.764173,4881.138793,5016.088237,5354.799195,5304.126097,5677.051175,6126.849496,6661.465047,7109.978253,7182.400203,7288.497948,7054.875977,7240.679119,7502.12091,7724.042411,8223.04145,7408.091301,7833.195013,8561.587011,7003.469891,7668.158132,8347.32336,8953.896394
DOMINICAN REPUBLIC,Latin America and Caribbean ,2114.0906,2276.69841,2456.105936,2616.745452,2631.743565,2845.846553,2953.247844,3085.517811,2399.498091,2468.43679,3903.815207,4080.045739,4676.079051,5053.330285,5002.15317,5509.568034,5859.381524,6049.471587,6171.295127,6533.670911,6838.936746,7191.069703,7513.497982,7947.159331,8173.344699,7167.914974,8476.749639,10111.24571,10716.01336
DUCHY OF MODENA AND REGGIO,Europe and Central Asia ,0.0,0.0,0.0,0.0,0.0,0.0,0.0,0.0,0.0,0.0,0.0,0.0,0.0,0.0,0.0,0.0,0.0,0.0,0.0,0.0,0.0,0.0,0.0,0.0,0.0,0.0,0.0,0.0,0.0
DUCHY OF PARMA AND PIACENZA,Europe and Central Asia ,0.0,0.0,0.0,0.0,0.0,0.0,0.0,0.0,0.0,0.0,0.0,0.0,0.0,0.0,0.0,0.0,0.0,0.0,0.0,0.0,0.0,0.0,0.0,0.0,0.0,0.0,0.0,0.0,0.0
EAST GERMANY,Europe and Central Asia ,0.0,0.0,0.0,0.0,0.0,0.0,0.0,0.0,0.0,0.0,0.0,0.0,0.0,0.0,0.0,0.0,0.0,0.0,0.0,0.0,0.0,0.0,0.0,0.0,0.0,0.0,0.0,0.0,0.0
ECUADOR,Latin America and Caribbean ,2113.263652,2142.328641,2349.218685,2293.655828,1582.758607,1389.097929,1800.398365,2069.849768,2328.003883,2600.369808,2925.113573,3261.514958,3497.705734,4217.444584,4076.234948,4546.578775,5183.6237,5666.217447,6141.983181,6436.761037,6002.108311,5941.234709,6256.683019,6316.468841,6203.727051,5450.433761,6036.447274,6476.644575,6533.351504
EGYPT,Middle East and North Africa ,937.5431501,1031.488078,1170.804798,1239.353562,1297.57469,1398.859831,1327.096518,1144.532398,1056.937209,1016.253884,1133.105461,1332.33941,1586.472921,1941.899973,2212.218148,2509.772034,2645.622535,3059.135428,3088.890834,3196.861381,3370.382447,3331.612461,2439.967284,2531.200079,3017.258336,3571.556907,3886.722498,4295.407496,3512.580065
EL SALVADOR,Latin America and Caribbean ,1552.130208,1653.630549,1749.501835,1858.371394,1904.874902,1977.840614,2051.158774,2106.739469,2197.482001,2273.955503,2434.323531,2651.430888,2814.589889,2964.17214,2889.685887,3017.307395,3304.974183,3471.051269,3555.1621,3638.517658,3761.51368,3870.312982,3986.049014,4145.862351,4280.288404,3960.313892,4599.678786,5048.443973,5344.214394
EQUATORIAL GUINEA,Sub-Saharan Africa ,252.9752842,399.0281438,730.4487849,588.6416081,948.2295985,1527.056378,2031.419386,2395.845119,3146.518575,5337.614389,9502.858816,11140.19017,13776.90333,19849.71777,14398.77049,14905.51458,18659.41602,18756.42503,17644.5943,16804.92493,9788.983804,8035.307666,8410.397974,8719.186876,7317.390026,6198.942519,7473.926061,8052.256529,7066.616593
ERITREA,Sub-Saharan Africa ,267.9446811,306.3222582,299.5731251,320.9653015,292.351055,295.196924,305.6027611,286.2977189,327.9760109,401.3745252,387.8985319,420.5287398,450.4097137,459.1784027,602.0632238,504.9724602,643.7900423,0.0,0.0,0.0,0.0,0.0,0.0,0.0,0.0,0.0,0.0,0.0,0.0
ESTONIA,Europe and Central Asia ,3134.389753,3380.926302,3682.952301,4093.392477,4140.936602,4070.609024,4505.858332,5341.628947,7203.523038,8914.103557,10412.64431,12639.40007,16744.58445,18204.96648,14711.73527,14663.04461,17487.80478,17403.20533,19056.00192,20261.06673,17402.03761,18295.34293,20437.76538,23165.84948,23581.65684,23565.17594,27698.47935,28114.14318,29823.74961
ESWATINI,Sub-Saharan Africa ,1781.708861,1646.223536,1732.769916,1568.816899,1519.966708,1686.657532,1481.163082,1362.970568,2075.561667,2599.15215,2964.972487,3053.932571,3200.512571,3022.456177,3270.137761,4035.534481,4360.959967,4396.57912,4111.128382,3928.522755,3583.31129,3339.990401,3824.046783,4021.445556,3843.380046,3372.904611,4068.57379,3986.887239,3797.301209
ETHIOPIA,Sub-Saharan Africa ,136.6680345,147.6253179,143.7700419,126.9198486,121.2856049,122.9616597,119.2618573,110.4608747,117.8601647,134.5424863,160.0767918,191.7512925,240.347972,320.8610897,373.8939587,335.4384953,348.0013483,458.5509208,490.7924784,557.5341484,630.3126194,705.6175085,755.7526443,758.2976945,840.4496013,918.6525941,925.0006976,1027.498631,1293.778008
ETHIOPIA (FORMER),Sub-Saharan Africa ,0.0,0.0,0.0,0.0,0.0,0.0,0.0,0.0,0.0,0.0,0.0,0.0,0.0,0.0,0.0,0.0,0.0,0.0,0.0,0.0,0.0,0.0,0.0,0.0,0.0,0.0,0.0,0.0,0.0
FALKLAND ISLANDS,Latin America and Caribbean ,0.0,0.0,0.0,0.0,0.0,0.0,0.0,0.0,0.0,0.0,0.0,0.0,0.0,0.0,0.0,0.0,0.0,0.0,0.0,0.0,0.0,0.0,0.0,0.0,0.0,0.0,0.0,0.0,0.0
FAROE ISLANDS,Europe and Central Asia ,20577.66716,22419.16069,20985.79803,24623.74312,24947.12358,23370.77378,25089.59265,27238.02553,31691.88008,35940.96086,36440.3222,41762.68985,48365.73506,51431.9731,47410.95563,48167.66751,51786.48099,50157.05879,55560.13303,60126.12564,52726.68738,56833.91654,59328.23766,62576.80164,63203.74478,62234.96868,69108.20658,66979.27732,0.0
FEDERAL REPUBLIC OF CENTRAL AMERICA,Latin America and Caribbean ,0.0,0.0,0.0,0.0,0.0,0.0,0.0,0.0,0.0,0.0,0.0,0.0,0.0,0.0,0.0,0.0,0.0,0.0,0.0,0.0,0.0,0.0,0.0,0.0,0.0,0.0,0.0,0.0,0.0
FIJI,East Asia and Pacific ,2486.98193,2672.43577,2597.929256,2031.025013,2351.722429,2015.857496,1964.130204,2157.076596,2680.270749,3124.607389,3406.475592,3483.597185,3793.097385,3928.921739,3184.689123,3469.149643,4160.721193,4359.7924,4586.955211,5305.064407,5105.189592,5368.433503,5825.199669,6073.394582,5927.72419,4815.689129,4656.051362,5356.16438,5868.159168
FINLAND,Europe and Central Asia ,26271.59981,25783.45049,24691.87281,26009.26949,26186.19001,24345.91482,24967.79252,26997.75299,32927.68029,37772.17811,39054.85044,41222.602,48476.39273,53772.79424,47481.48454,46505.30318,51148.93164,47708.06128,49892.22336,50327.24029,42801.90812,43814.02651,46412.13648,49987.62616,48629.85823,49169.71934,53504.69365,50734.71075,53755.91174
FRANCE,Europe and Central Asia ,26889.42506,26870.28524,24226.88469,24971.57449,24678.39106,22416.42542,22449.33969,24288.27002,29627.92426,33797.16244,34768.1759,36470.21284,41557.62356,45515.96175,41737.76355,40676.06479,43846.46608,40870.85236,42602.71797,43068.54872,36652.92231,37062.53357,38781.04949,41557.85486,40494.89829,39179.74426,43671.30841,40886.25327,44460.81785
FRENCH GUIANA,Europe and Central Asia ,0.0,0.0,0.0,0.0,0.0,0.0,0.0,0.0,0.0,0.0,0.0,0.0,0.0,0.0,0.0,0.0,0.0,0.0,0.0,0.0,0.0,0.0,0.0,0.0,0.0,0.0,0.0,0.0,0.0
FRENCH POLYNESIA,East Asia and Pacific ,18090.58808,17713.72313,15741.80916,16070.29995,15847.9303,14346.18626,14012.24297,15302.35185,18724.49152,20829.06571,21047.193,21382.23571,23837.81753,25437.66858,23326.08756,21447.85826,21747.98884,19864.5357,20941.51734,21223.07549,18252.5142,18726.63947,19743.95902,20614.89437,20093.20858,19185.69777,20230.24105,18984.8511,0.0
GABON,Sub-Saharan Africa ,4419.790339,4948.752872,4514.994088,3705.818089,3758.161936,3991.157151,3844.561349,3976.646796,4724.254798,5483.144575,6570.963265,6873.453983,8036.919956,9732.226533,7325.909513,8399.597348,10273.79844,9348.514876,9250.081115,9255.368035,7090.454634,6722.198223,6975.695192,7694.906045,7523.862278,6680.08267,8635.797144,8820.347338,8420.102057
GAMBIA,Sub-Saharan Africa ,632.7711637,663.168901,610.1990297,619.5930395,583.4046656,544.6209611,464.6396362,379.8624179,310.9570684,596.6292865,618.9598135,615.9739283,725.0922849,857.8582399,772.1249338,796.6318292,705.4774953,686.5575577,647.3855346,561.6496346,611.6712191,640.6762653,632.0010242,683.3246328,722.8753563,704.0304628,762.9632317,803.808655,843.7657426
GEORGIA,Europe and Central Asia ,578.3446099,689.0594414,807.0322858,851.5155425,673.5377829,749.908535,801.9838371,853.5261719,1010.031516,1305.047486,1642.783594,1996.020133,2635.366503,3324.753721,2822.689397,3281.729309,4119.668183,4530.695334,4712.002294,4830.334862,4086.622347,4143.401257,4418.752065,4804.054604,4741.283272,4300.857013,5083.606955,6729.846599,8120.363443
GERMANY,Europe and Central Asia ,31658.34938,30485.86655,26964.04947,27289.05936,26734.94254,23694.76048,23628.32721,25197.2656,30310.3576,34106.65812,34520.23965,36353.88033,41640.08087,45612.71062,41650.36783,41572.45595,46705.8958,43855.85447,46298.92292,48023.86998,41103.25644,42136.12079,44652.58917,47939.27829,46805.13843,46749.47623,51426.75037,48717.99114,52745.75571
GHANA,Sub-Saharan Africa ,370.688085,388.5332803,377.240426,399.7962011,402.4714032,253.3802932,263.1701414,297.0469704,357.8479826,405.4249018,477.6010928,904.1695278,1047.199428,1178.955877,1044.004989,1258.964197,1501.059171,1536.619635,2282.407501,1942.921842,1711.271326,1900.397695,1998.722798,2180.029713,2167.925276,2176.576218,2422.085913,2218.414758,2238.158021
GIBRALTAR,Europe and Central Asia ,0.0,0.0,0.0,0.0,0.0,0.0,0.0,0.0,0.0,0.0,0.0,0.0,0.0,0.0,0.0,0.0,0.0,0.0,0.0,0.0,0.0,0.0,0.0,0.0,0.0,0.0,0.0,0.0,0.0
GRAND DUCHY OF BADEN,Europe and Central Asia ,0.0,0.0,0.0,0.0,0.0,0.0,0.0,0.0,0.0,0.0,0.0,0.0,0.0,0.0,0.0,0.0,0.0,0.0,0.0,0.0,0.0,0.0,0.0,0.0,0.0,0.0,0.0,0.0,0.0
GRAND DUCHY OF TUSCANY,Europe and Central Asia ,0.0,0.0,0.0,0.0,0.0,0.0,0.0,0.0,0.0,0.0,0.0,0.0,0.0,0.0,0.0,0.0,0.0,0.0,0.0,0.0,0.0,0.0,0.0,0.0,0.0,0.0,0.0,0.0,0.0
GREAT COLOMBIA,Latin America and Caribbean ,0.0,0.0,0.0,0.0,0.0,0.0,0.0,0.0,0.0,0.0,0.0,0.0,0.0,0.0,0.0,0.0,0.0,0.0,0.0,0.0,0.0,0.0,0.0,0.0,0.0,0.0,0.0,0.0,0.0
GREECE,Europe and Central Asia ,12959.32429,13749.11511,13427.83251,13472.13761,13249.66332,12072.92936,12549.03689,14177.57216,18518.37884,21995.47794,22560.14729,24821.93675,28863.97329,32127.98319,29828.75602,26716.64883,25483.88256,21912.99829,21787.78776,21616.71001,18083.87791,17923.96681,18582.08934,19756.99046,19143.88762,17617.29151,20310.68248,20867.26909,22990.01357
GREENLAND,Europe and Central Asia ,21665.82952,21422.46099,19145.61489,20496.57878,20170.32276,19004.00384,19275.43397,20652.8417,27459.87533,32023.68205,32489.72773,35458.2543,39780.94414,44366.78587,44918.84138,43988.52803,47186.876,45936.95628,47535.48838,50485.22441,44536.35497,48181.74535,50765.74947,54545.13586,53309.20359,54693.07668,57116.29577,0.0,0.0
GRENADA,Latin America and Caribbean ,3288.223318,3499.527349,3715.72059,4198.715561,4512.224618,4840.684064,4821.784995,4992.441407,5435.151806,5470.603315,6308.665042,6295.281172,6790.63408,7343.44527,6810.440318,6760.974884,6775.749278,6900.765076,7205.254765,7726.378262,8379.621847,8849.513535,9309.261296,9574.310271,9887.920742,8437.536782,9010.5128,9762.414721,10463.64594
GUADELOUPE,Europe and Central Asia ,0.0,0.0,0.0,0.0,0.0,0.0,0.0,0.0,0.0,0.0,0.0,0.0,0.0,0.0,0.0,0.0,0.0,0.0,0.0,0.0,0.0,0.0,0.0,0.0,0.0,0.0,0.0,0.0,0.0
GUAM,East Asia and Pacific ,0.0,0.0,0.0,0.0,0.0,0.0,0.0,20878.05958,21844.11054,23590.88803,25621.84516,25735.5397,26686.81682,28277.43208,29335.27768,30011.21858,30087.71559,31642.14626,32318.8909,33483.94144,34522.37793,35052.80791,35663.02504,35873.08363,37687.39918,34958.13415,36555.76014,40227.27537,0.0
GUATEMALA,Latin America and Caribbean ,1424.682543,1487.607658,1649.001602,1755.849582,1619.510736,1664.307748,1550.361747,1682.994501,1737.879287,1859.099299,2068.488206,2251.078784,2490.747828,2802.451582,2651.831744,2852.557593,3228.038278,3355.034777,3522.767429,3779.626205,3994.629085,4173.281349,4454.024509,4485.752135,4647.807541,4609.897258,5029.477555,5473.208564,5797.521596
GUERNSEY,Europe and Central Asia ,0.0,0.0,0.0,0.0,0.0,0.0,0.0,0.0,0.0,0.0,0.0,0.0,0.0,0.0,0.0,0.0,0.0,0.0,0.0,0.0,0.0,0.0,0.0,0.0,0.0,0.0,0.0,0.0,0.0
GUINEA,Sub-Saharan Africa ,721.137377,734.2390554,703.4365204,654.6247843,617.3541737,523.8666372,488.4757094,501.4821711,572.847979,591.5349727,468.5355825,452.2761597,657.9934738,712.0994161,670.2612536,667.2816019,644.5025487,707.9676782,757.6922726,774.5690396,756.4255898,720.4732552,843.4642792,944.4172687,1043.899886,1073.659339,1189.175999,1515.167948,1663.937807
GUINEA-BISSAU,Sub-Saharan Africa ,590.9258876,616.3095583,600.5517883,499.1543103,480.2140619,317.947691,328.151292,363.0564661,420.7908925,432.1944703,463.7022632,448.8974905,519.2179348,640.0481742,582.8772688,599.8599679,719.1187658,634.9618096,653.6185323,651.2045317,644.1790639,678.6802795,781.9758883,807.3610001,754.3816394,754.270694,836.8700248,814.1119901,914.2751538
GUYANA,Latin America and Caribbean ,826.9733705,936.0843257,991.9585514,948.2404227,916.5463808,938.893298,937.2979922,955.0302105,976.9932633,1036.019877,1085.784887,3138.082209,3609.908509,4011.386904,4213.816229,4589.872498,4960.004726,5461.390085,5576.250206,5495.377075,5668.429765,5905.380196,6220.978568,6094.909827,6477.296726,6863.074346,9994.645704,18199.47484,20626.19915
HAITI,Latin America and Caribbean ,368.8470858,374.1693335,421.8416418,461.9714389,506.0002117,814.9979335,743.9112627,716.4826249,575.5568301,679.2800487,771.534996,824.3580518,979.599641,1089.576346,1191.802925,1204.862065,1306.845319,1356.172784,1452.313559,1454.64916,1405.714776,1313.186095,1389.358625,1489.578415,1345.475055,1283.141228,1823.742224,1748.257135,1693.068743
HONDURAS,Latin America and Caribbean ,919.9379933,872.5818384,933.7557079,1009.162705,990.297834,1079.605666,1118.940894,1119.424273,1142.81135,1201.247505,1289.823114,1409.579748,1559.886044,1713.418164,1762.34916,1874.271704,2053.959695,2107.345428,2064.550536,2164.42455,2257.225284,2295.53627,2403.306088,2457.686042,2498.509186,2307.13093,2738.21627,3012.217341,3247.231055
HONG KONG,East Asia and Pacific ,23497.39208,24818.30216,27330.09336,25808.86099,25091.6666,25756.77287,25230.37809,24665.83623,23977.17341,24928.10037,26649.63772,28224.09516,30593.95117,31515.52921,30697.53839,32550.13649,35142.48793,36730.7962,38403.77771,40315.37395,42432.16197,43734.19807,46160.42979,48537.56689,48359.0012,46109.22999,49770.56424,48828.12125,50696.59032
HUNGARY,Europe and Central Asia ,4494.707624,4525.039103,4596.182622,4744.212264,4793.478522,4624.281657,5276.033189,6655.333009,8419.430871,10301.70339,11223.3993,11489.56087,13940.90928,15772.33008,13077.30547,13217.5046,14234.47158,12984.83657,13715.07036,14294.25842,12717.0386,13104.69955,14621.2396,16425.20503,16786.21364,16131.95404,18755.10235,18355.82781,22147.20973
ICELAND,Europe and Central Asia ,26633.59138,27614.87703,27919.1855,31030.0536,32381.62524,32096.37226,28897.44394,32409.21615,39476.69785,47334.93065,56794.85016,57492.93425,69495.72674,56943.37045,41301.27322,43237.07295,47714.59223,45995.54788,49804.983,54576.74481,52951.68151,61987.92636,72010.14903,74452.18907,68452.23622,59023.56635,69252.31124,75135.09161,78811.05839
INDIA,South Asia ,373.6282357,399.5773122,414.8986797,412.5093541,440.9620652,442.0353304,449.9103137,468.8455131,543.8450534,624.108803,710.5112225,802.013742,1022.732467,993.5034053,1096.636136,1350.63447,1449.603301,1434.017987,1438.057005,1559.863779,1590.174331,1714.279537,1957.969813,1974.377731,2050.1638,1915.551588,2250.179018,2366.309609,2484.845429
INDONESIA,East Asia and Pacific ,1020.146681,1129.09271,1054.347358,459.1918631,663.5232299,770.8653516,739.0039465,888.9013897,1052.413199,1136.755211,1249.397694,1572.79794,1840.329927,2144.389544,2239.095265,3094.443079,3613.800888,3668.212083,3602.885517,3476.624854,3322.581679,3558.818852,3839.785075,3902.661676,4151.227554,3895.618152,4334.231454,4787.912364,4940.549805
IRAN,Middle East and North Africa ,1585.977937,1954.660752,1823.274514,1737.700033,1765.783643,1672.022876,1902.947639,1910.477134,2259.51632,2751.793042,3226.613971,3736.177793,4838.003556,5623.911681,5602.556282,6458.573956,8201.581678,8329.002067,6280.681867,5757.543333,4990.936795,5497.243233,5758.590728,3850.751253,3276.753265,2746.419483,4084.200305,4668.457443,4502.546329
IRAQ,Middle East and North Africa ,615.5003718,482.1636186,929.8764466,894.3290943,1548.298284,1963.722839,1422.831339,1254.162045,809.845684,1314.969584,1744.508726,2253.785984,3099.592044,4504.508109,3686.402089,4430.426242,5736.898959,6437.502911,6612.902252,6215.986033,4416.942924,4308.848089,4725.193573,5601.467061,5621.181695,4250.742908,4816.784834,6441.917365,5512.47572
IRELAND,Europe and Central Asia ,19158.45648,20835.89771,22551.11391,24294.85477,26338.10775,26334.56721,28282.40988,32705.43456,41203.52958,47754.20232,50933.02161,54329.16186,61396.41746,61353.10656,52133.09062,48663.60044,52219.70573,48943.82065,51496.96169,55752.76498,62179.26427,62784.06569,70150.73702,79446.93911,80848.3019,85973.08849,102001.7982,103983.2913,103684.8808
ISLE OF MAN,Europe and Central Asia ,12802.12268,14212.16519,16223.65015,18753.04013,20991.6231,20693.83817,21716.94604,25230.07556,29877.95876,35872.72612,38184.36098,42662.57669,55072.14126,72304.98074,66175.25474,70625.20625,77838.37644,79326.3816,83204.69223,91881.07195,84753.51874,82041.67241,83510.2696,89425.83654,87152.46526,79530.56232,94124.26833,0.0,0.0
ISRAEL,Middle East and North Africa ,18916.67362,20116.98187,20366.58291,20106.63075,19742.52039,21630.74761,20909.43036,19035.10241,19627.17549,20557.07863,21223.93559,22494.64209,25633.64322,30173.36159,28317.04084,31266.60532,34354.71612,33156.22832,36941.84236,38259.6811,36206.52222,37690.47395,41114.78171,42406.84543,44452.23256,44846.7916,52129.51596,54930.93881,52261.67615
ITALY,Europe and Central Asia ,20664.55227,23081.60468,21829.34582,22318.1373,22005.05454,20137.59122,20500.9544,22376.2979,27526.32246,31317.20079,32055.09208,33529.7266,37870.74751,40944.91242,37226.75719,36035.645,38649.63948,35051.52127,35560.08141,35565.72138,30242.38614,30960.73151,32406.72032,34622.16967,33673.75096,31922.91916,36441.0598,35068.83597,38373.16605
JAMAICA,Latin America and Caribbean ,2621.18197,2919.147789,3287.746755,3410.42776,3423.008614,3447.303896,3502.213118,3683.893338,3557.200591,3819.284231,4200.388954,4435.571444,4738.449778,5056.258036,4452.120799,4835.791087,5259.931753,5365.242172,5143.722183,4991.561517,5077.550969,5022.700178,5273.149013,5594.493587,5626.170459,4897.264762,5183.58103,6047.216444,6874.200284
JAPAN,East Asia and Pacific ,44197.6191,39150.03963,35638.23196,32423.75561,36610.16832,39169.35957,34406.18246,32820.79364,35387.03742,38298.98017,37812.89502,35991.546,35779.02454,39876.30397,41308.99684,44968.15623,48760.07895,49145.28043,40898.6479,38475.39525,34960.63938,39375.47316,38834.05293,39751.1331,40415.95676,40040.76551,40058.53733,34017.27181,33834.39211
JERSEY,Europe and Central Asia ,0.0,0.0,0.0,0.0,0.0,0.0,0.0,0.0,0.0,0.0,0.0,0.0,0.0,0.0,0.0,0.0,0.0,0.0,0.0,0.0,0.0,0.0,0.0,0.0,0.0,0.0,0.0,0.0,0.0
JORDAN,Middle East and North Africa ,1509.040549,1503.143967,1530.703844,1633.280882,1646.192662,1673.358125,1738.383838,1816.406493,1889.437839,2062.69597,2216.945182,2478.291944,2643.168439,3416.123901,3618.892617,3914.701231,4152.493981,4386.461819,4477.618321,4255.894302,4064.25301,4003.404746,4073.116403,4146.407311,4159.653754,3998.673138,4152.757954,4311.000051,4482.086026
KAZAKHSTAN,Europe and Central Asia ,1288.188519,1350.305008,1445.503237,1468.668672,1130.117532,1229.000961,1490.926755,1658.031142,2068.123523,2874.288483,3771.278957,5291.574004,6771.41662,8458.019475,7165.224778,9070.488253,11633.99858,12386.69927,13890.63397,12807.26305,10510.77032,7714.841844,9247.580679,9812.625431,9812.595526,9121.636409,10270.88734,11484.41681,13136.62291
KENYA,Sub-Saharan Africa ,336.5653496,436.1957036,462.4045369,483.7086323,430.3672599,411.8213521,408.3606087,401.0923701,441.3914117,462.6182158,522.7768402,699.3997383,840.1916319,915.9989157,1049.121794,1093.639624,1099.315465,1289.780791,1376.829205,1489.919721,1496.653573,1562.076619,1675.988422,1845.783414,1970.08007,1936.250755,2069.661129,2099.298568,1949.898969
KINGDOM OF BAVARIA,Europe and Central Asia ,0.0,0.0,0.0,0.0,0.0,0.0,0.0,0.0,0.0,0.0,0.0,0.0,0.0,0.0,0.0,0.0,0.0,0.0,0.0,0.0,0.0,0.0,0.0,0.0,0.0,0.0,0.0,0.0,0.0
KINGDOM OF SARDINIA,Europe and Central Asia ,0.0,0.0,0.0,0.0,0.0,0.0,0.0,0.0,0.0,0.0,0.0,0.0,0.0,0.0,0.0,0.0,0.0,0.0,0.0,0.0,0.0,0.0,0.0,0.0,0.0,0.0,0.0,0.0,0.0
KINGDOM OF SAXONY,Europe and Central Asia ,0.0,0.0,0.0,0.0,0.0,0.0,0.0,0.0,0.0,0.0,0.0,0.0,0.0,0.0,0.0,0.0,0.0,0.0,0.0,0.0,0.0,0.0,0.0,0.0,0.0,0.0,0.0,0.0,0.0
KINGDOM OF THE TWO SICILIES,Europe and Central Asia ,0.0,0.0,0.0,0.0,0.0,0.0,0.0,0.0,0.0,0.0,0.0,0.0,0.0,0.0,0.0,0.0,0.0,0.0,0.0,0.0,0.0,0.0,0.0,0.0,0.0,0.0,0.0,0.0,0.0
KINGDOM OF WURTTEMBERG,Europe and Central Asia ,0.0,0.0,0.0,0.0,0.0,0.0,0.0,0.0,0.0,0.0,0.0,0.0,0.0,0.0,0.0,0.0,0.0,0.0,0.0,0.0,0.0,0.0,0.0,0.0,0.0,0.0,0.0,0.0,0.0
KIRIBATI,East Asia and Pacific ,846.065575,982.5414847,950.7467994,871.2408421,886.9600101,841.9844346,719.8501161,811.4400287,1017.842686,1085.288576,1159.144219,1121.080267,1353.624533,1411.905436,1324.436015,1528.899757,1783.771764,1855.274214,1780.657028,1740.356052,1641.480977,1743.762868,1852.992344,1912.786826,1745.732415,1763.155071,2244.110731,2061.393041,2089.910161
KOREA (FORMER),East Asia and Pacific ,0.0,0.0,0.0,0.0,0.0,0.0,0.0,0.0,0.0,0.0,0.0,0.0,0.0,0.0,0.0,0.0,0.0,0.0,0.0,0.0,0.0,0.0,0.0,0.0,0.0,0.0,0.0,0.0,0.0
KOSOVO,Europe and Central Asia ,0.0,0.0,0.0,0.0,0.0,0.0,0.0,0.0,0.0,0.0,0.0,0.0,0.0,2873.385256,2790.536618,2981.178657,3524.414874,3410.693255,3704.562803,3902.530841,3520.782075,3759.472855,4009.353811,4384.18868,4416.029253,4310.934002,5270.55064,5290.977397,5943.125714
KUWAIT,Middle East and North Africa ,16424.97541,18488.83961,17230.0551,14258.35582,16044.49379,19493.88805,17517.70615,18626.77492,22781.08282,27601.40006,36144.99495,42970.69645,45729.79934,55595.48431,37906.20519,39212.46538,48997.39372,51270.97906,47762.8567,43239.88266,29315.1931,27026.77293,29258.2663,32012.18756,31230.17295,24656.43371,33358.46315,42823.82783,37533.21772
KYRGYZSTAN,Europe and Central Asia ,364.2264974,394.8601215,376.4296133,345.1381316,258.0492288,279.6195693,308.4096116,321.7270332,380.5064324,433.2349766,476.551886,543.1107024,721.7695225,966.3938386,871.2242269,880.0385218,1123.883144,1177.975261,1282.438248,1279.770784,1121.082696,1120.667058,1242.77022,1308.139785,1451.515638,1256.929226,1365.508304,1739.8,1969.866481
LAOS,East Asia and Pacific ,357.9017031,371.471748,339.1901695,243.9864436,272.3624326,318.7709228,320.4190111,313.6184405,355.6514836,410.251319,467.3795927,581.0100104,699.0414621,887.6395925,936.7901934,1127.834822,1363.724856,1566.009348,1815.440238,1984.508283,2125.458901,2309.049998,2439.462412,2553.360418,2598.505795,2593.355718,2535.623434,2054.430781,2075.401414
LATVIA,Europe and Central Asia ,2329.576733,2431.709,2683.241368,2973.534843,3151.577018,3361.640869,3578.0019,4136.933297,5145.195232,6378.666521,7594.902384,9723.446902,14113.52913,16467.14369,12331.92855,11420.994,13338.96224,13847.33794,15007.49186,15742.39134,13786.4568,14331.75159,15695.11515,17865.03109,17883.34941,18096.20271,20930.39824,21508.40033,23184.31167
LEBANON,Middle East and North Africa ,2959.560851,3393.503399,3834.856217,4127.320054,4091.994007,3994.861144,4021.177263,4307.100827,4458.10858,4625.304247,4630.009214,4665.962801,5162.032959,5957.696754,7149.791498,7695.245415,7914.109568,8500.180563,8255.209211,7665.379692,7802.751368,8172.299476,8679.897422,9225.845155,8925.42186,5599.957523,4136.146575,3823.938069,0.0
LESOTHO,Sub-Saharan Africa ,518.0212392,483.9207512,505.9388033,467.5879619,457.7043425,443.9499497,412.9622962,388.3674764,580.9372838,761.1810388,850.7753155,910.6185634,848.0773719,885.6593032,866.4751272,1104.811547,1265.857945,1205.859985,1141.360923,1165.05065,1113.836835,986.2652498,1062.712433,1162.978854,1074.134047,910.9349475,1054.93274,992.8573285,878.0085055
LIBERIA,Sub-Saharan Africa ,62.91944351,72.32416471,124.1555826,136.2521711,158.3658423,301.8764697,303.8588056,302.8818868,242.4499372,287.2746919,290.5412149,323.8412258,377.9516288,456.1446999,452.7452289,497.0203654,573.5264222,644.4555767,717.6357533,713.7348824,699.6629469,722.1312268,706.892692,700.0370394,665.8784476,624.28971,676.442927,754.5328486,799.5014005
LIBYA,Middle East and North Africa ,5396.374227,5785.110699,6262.491035,5471.09201,7112.668067,7424.347866,6465.624913,3789.20527,4738.828475,5823.637943,8108.051517,10060.35817,11158.1111,13921.90371,9560.807534,11611.36235,7784.136359,15765.41527,12589.52794,9408.753043,7867.514931,7945.004215,10529.11635,11838.29582,10972.90252,9872.111144,7094.99982,8211.380948,7329.976541
LIECHTENSTEIN,Europe and Central Asia ,78618.48691,79905.9576,72344.65857,77033.21236,81683.4555,75210.13318,74658.45394,79797.54689,90317.73681,100710.6063,105751.4989,114652.2424,130908.3897,143540.5734,126261.3973,141466.8273,158603.609,149461.7856,173659.4118,179467.5162,167809.2699,165845.9952,170875.6821,175286.679,167259.1603,165287.1868,197504.5489,187267.1324,0.0
LITHUANIA,Europe and Central Asia ,2167.792582,2327.434857,2830.278071,3166.666533,3113.17906,3293.229979,3525.793632,4141.592702,5499.428989,6700.327192,7854.765279,9230.707981,12285.44705,14944.99665,11820.77616,11987.50841,14376.94786,14367.70942,15729.65247,16551.0182,14263.96458,15008.31324,16885.40739,19186.35959,19615.54915,20381.85578,23849.6157,25078.74537,27102.78153
LUXEMBOURG,Europe and Central Asia ,51032.34964,50444.35912,46641.64088,47445.38108,50872.44927,48659.59888,48440.14202,53005.73392,65689.32145,76544.91709,80988.13762,90788.80049,107475.3203,120422.1379,109419.747,110885.9914,119025.0572,112584.6763,120000.1407,123678.7021,105462.0126,106899.2935,110193.2138,116786.5117,112726.4397,116905.3704,133711.7944,125006.0218,128259.4026
MACAO,East Asia and Pacific ,0.0,0.0,0.0,0.0,0.0,0.0,0.0,0.0,0.0,0.0,0.0,0.0,0.0,0.0,0.0,0.0,0.0,0.0,0.0,0.0,0.0,0.0,0.0,0.0,0.0,0.0,0.0,0.0,0.0
MADAGASCAR,Sub-Saharan Africa ,276.7368025,344.4649474,288.4493808,288.6359375,271.9429822,285.4664632,325.4603011,310.9297109,359.5343847,277.5078266,311.7931266,330.52267,427.8363292,522.830622,455.4073738,459.375408,516.9025393,504.1737377,526.6880196,517.1361831,455.6380346,464.6161584,503.4980587,512.5439915,512.2796656,462.4042288,503.3520812,516.772197,528.6501548
MALAWI,Sub-Saharan Africa ,201.1014042,321.9596271,368.6773117,237.3743335,235.510232,225.9524567,217.2404733,431.696661,386.317242,407.58899,417.1022634,443.5236757,478.0280765,557.5190094,630.1091541,688.1391912,769.0525992,563.0615397,501.197173,534.1269771,544.2768727,454.4432661,500.1655472,537.9322041,587.1154647,621.4177725,632.5331926,643.4331957,672.8697022
MALAYSIA,East Asia and Pacific ,4405.116764,4874.819725,4706.314913,3308.835653,3538.362993,4087.562593,3941.122666,4177.104942,4454.526764,4924.338111,5536.837483,6137.15054,7144.00024,8343.303382,7167.877194,8880.145805,10209.37194,10601.51046,10727.66902,11045.58012,9699.600463,9555.669593,9979.704473,11073.97897,11132.10274,10164.34443,11134.62295,11993.18761,11648.67416
MALDIVES,South Asia ,1545.223056,1707.021759,1889.026176,1972.623404,2118.721495,2209.988231,3028.05083,3069.039872,3539.801547,4060.534405,3789.232024,5010.163424,5746.644258,6743.130961,6719.330257,7158.061411,7409.331909,7447.415608,8222.558038,8872.128386,9480.431513,9708.141349,10194.74614,11034.7236,11349.85927,7216.816377,10076.31753,11780.81691,12667.43567
MALI,Sub-Saharan Africa ,272.7950322,274.4224087,260.3559664,274.9743971,315.171468,263.4983842,299.4121753,326.9666591,381.9485463,427.71732,473.9950468,506.9118387,579.2571409,676.1270011,680.6499586,688.3278659,810.182556,753.3921375,778.7970528,818.4303414,723.5042049,750.0518091,795.6828016,856.3565966,840.1757464,822.9061368,881.5100887,831.2234666,897.4486703
MALTA,Middle East and North Africa ,9857.479482,10062.73233,9909.895934,10409.30873,10633.6031,10432.32806,10402.23333,11289.88974,13669.49722,15197.05661,15888.17246,16723.88427,19485.87115,22205.35677,21083.27705,21798.91429,23155.10353,22526.53702,24769.59623,26753.27338,24921.71418,25623.94163,28813.18534,31785.88483,31751.18118,29592.57148,34951.70817,34563.39663,37882.26519
MARSHALL ISLANDS,East Asia and Pacific ,2371.306852,2150.995382,2098.718089,2108.007564,2105.584917,2117.853173,2249.575063,2421.461689,2406.336208,2439.45724,2536.308858,2636.557627,2777.762053,2716.815824,2815.413568,3007.142366,3247.899981,3453.864304,3618.496195,3678.105394,3708.215562,4156.939127,4512.592763,4771.359204,5186.833842,5545.600267,6130.437137,6225.179222,6762.548814
MARTINIQUE,Europe and Central Asia ,0.0,0.0,0.0,0.0,0.0,0.0,0.0,0.0,0.0,0.0,0.0,0.0,0.0,0.0,0.0,0.0,0.0,0.0,0.0,0.0,0.0,0.0,0.0,0.0,0.0,0.0,0.0,0.0,0.0
MAURITANIA,Sub-Saharan Africa ,878.7506082,877.8297777,834.04376,796.8425282,757.8090665,660.3038611,632.2141418,629.7819017,711.3824822,801.7786831,974.6575859,1272.082434,1378.215104,1610.236979,1418.940843,1646.130428,1919.452271,1850.384968,1929.775639,1715.388838,1562.726836,1579.200717,1634.642158,1749.954236,1800.875187,1836.292411,1998.394003,2057.380392,2149.414087
MAURITIUS,Sub-Saharan Africa ,3648.016496,3951.944946,3695.736688,3641.621426,3745.696251,3981.983432,3908.556949,4073.060531,4858.265755,5460.608002,5354.029743,5695.975255,6574.663576,8030.052281,7318.12641,8000.376432,9197.042991,9291.236276,9764.644131,10366.35508,9507.871337,9965.725311,10841.68478,11643.4606,11403.25279,9011.042884,9068.97293,10239.79705,11416.85899
MAYOTTE,Europe and Central Asia ,0.0,0.0,0.0,0.0,0.0,0.0,0.0,0.0,0.0,0.0,0.0,0.0,0.0,0.0,0.0,0.0,0.0,0.0,0.0,0.0,0.0,0.0,0.0,0.0,0.0,0.0,0.0,0.0,0.0
MEXICO,Latin America and Caribbean ,4225.400448,4718.574086,5617.430244,5882.421434,6552.661075,7581.845641,8009.15834,8032.992121,7473.932374,7883.523191,8702.114483,9545.286727,10178.44224,10589.95187,8495.65308,9823.164075,10766.60994,10842.73309,11317.49106,11490.02169,10098.17318,9152.737224,9693.330091,10130.3207,10434.56762,8895.615216,10363.19272,11476.67881,13926.11362
MICRONESIA,East Asia and Pacific ,2008.332427,1972.601887,1859.270424,1964.643736,1973.66392,2088.209544,2152.52528,2165.48682,2195.187156,2155.78169,2256.011357,2298.636458,2344.403462,2420.749006,2598.403604,2760.01134,2885.441249,3023.585446,2920.700863,2928.448782,2891.322103,2956.561292,3250.92819,3533.791885,3537.471157,3318.288049,3447.33097,3766.511335,3992.223842
MOLDOVA,Europe and Central Asia ,593.586593,575.1454551,657.2921346,578.7346276,399.4998186,440.538684,507.4040763,570.7998662,682.319096,897.1784947,1034.391977,1183.024814,1531.216186,2110.553054,1898.439757,2436.799351,2941.362241,3044.808432,3321.043978,3289.957586,2749.551371,2847.087948,3453.267277,4156.44982,4405.334182,4375.778893,5274.605822,5715.280221,6650.647957
MONACO,Europe and Central Asia ,99431.73862,98927.67724,88844.94464,91110.97729,89742.50297,81763.82767,82410.4005,90151.5464,111309.8697,125435.8943,130818.9819,143289.0729,184639.7501,204097.114,168957.1079,161780.7454,179369.2682,165497.0978,185055.5176,195772.7243,170338.6804,174412.4945,173611.6879,193968.0901,199382.8386,182537.3874,235132.7842,240862.1824,0.0
MONGOLIA,East Asia and Pacific ,623.1574552,570.9379005,495.8218917,467.5139346,435.4184944,463.8538819,512.81947,559.827709,633.9465596,784.912072,986.0180408,1322.640675,1625.318474,2134.949832,1718.914022,2660.288175,3793.743655,4402.304523,4422.300876,4211.939436,3919.351213,3690.756778,3708.248221,4165.022821,4394.94715,4041.174146,4566.14013,5045.504726,5764.802813
MONTENEGRO,Europe and Central Asia ,0.0,0.0,0.0,1405.816327,1367.902573,1627.065119,1909.598702,2106.635068,2789.159065,3380.165121,3674.617924,4425.678873,5976.394145,7367.751909,6727.107767,6688.402596,7328.789431,6586.399703,7188.863616,7387.872969,6517.192675,7033.439624,7803.358245,8850.374925,8909.653876,7677.371321,9465.96153,10093.4387,12016.90742
MONTSERRAT,Europe and Central Asia ,0.0,0.0,0.0,0.0,0.0,0.0,0.0,0.0,0.0,0.0,0.0,0.0,0.0,0.0,0.0,0.0,0.0,0.0,0.0,0.0,0.0,0.0,0.0,0.0,0.0,0.0,0.0,0.0,0.0
MOROCCO,Middle East and North Africa ,1455.950317,1585.722778,1416.900391,1658.471802,1627.135132,1492.377075,1500.363403,1590.487305,1936.09021,2177.798828,2237.576172,2433.212646,2751.423584,3180.170654,3118.141602,3067.851807,3302.453125,3164.004639,3377.643555,3430.534424,3139.228271,3132.952148,3288.502686,3492.672607,3498.582764,3258.269043,3767.524902,3441.991455,3672.112305
MOZAMBIQUE,Sub-Saharan Africa ,196.324434,250.6379459,294.9851828,328.0183292,362.5134664,333.7751383,310.0950625,318.3089925,343.1287471,403.0207131,438.7934727,458.615152,508.0448956,591.4398376,546.6007325,494.584022,615.2786598,681.4921286,681.0651142,690.4432181,603.8385138,435.760991,464.2947213,510.3800064,512.2157569,456.5819184,504.0377587,558.2985925,608.4427076
MYANMAR,East Asia and Pacific ,123.3477612,141.0198439,107.3929672,145.103666,188.4219481,195.5509957,140.7761639,145.8175339,223.0637759,223.229847,251.170357,301.5819139,416.6004322,653.8660002,752.9440359,1003.033455,1204.496472,1193.547649,1189.964765,1283.106492,1157.783961,1219.801439,1263.246055,1288.506778,1415.248986,1478.872786,1233.22777,1149.018961,1187.567064
NAMIBIA,Sub-Saharan Africa ,2478.25374,2417.577961,2453.866577,2231.114475,2175.449455,2156.090245,1916.255862,1773.431554,2571.982397,3407.850648,3692.752603,4027.961706,4394.517341,4222.326189,4322.629266,5445.420063,5873.059381,6017.178365,5463.031366,5544.104068,4965.672765,4614.892075,5453.570623,5687.381043,5126.176143,4252.04172,4901.875889,4895.680661,4742.783827
NAURU,East Asia and Pacific ,3874.535282,3620.957101,3602.384182,2858.673116,2632.053608,2595.256851,2182.117875,2030.472767,2395.413726,2959.609656,2914.389035,2836.638759,2217.49023,3671.020671,4317.037579,4644.355494,6328.102672,9675.959685,8825.978581,9063.00223,7587.25441,8528.630151,9361.037397,10985.8744,10316.52782,10124.70062,14018.88584,12142.76993,12060.07811
NEPAL,South Asia ,197.3096505,198.4544651,211.5619465,204.876507,208.4914738,223.7118919,240.7051592,238.8612541,246.4858378,279.7242003,309.3104186,341.02814,386.5295864,466.6933791,475.6359761,589.1654349,791.2255821,794.0925641,809.3844533,827.7447084,882.3076616,880.2248936,1027.965477,1161.534352,1185.682318,1139.189895,1229.394204,1348.15719,1324.031984
NETHERLANDS,Europe and Central Asia ,29258.13435,29006.80945,26700.53713,27885.80838,28272.64325,26214.49855,26896.54811,29343.245,35750.97466,40436.61823,41994.71353,44900.93814,51799.20855,57879.94376,52722.21306,50999.74512,54230.3129,50070.1416,52198.89756,52900.53742,45193.40322,46039.10593,48675.22234,53044.53244,52476.27325,52162.57012,58727.87055,57025.01246,62536.73203
NETHERLANDS ANTILLES,Europe and Central Asia ,0.0,0.0,0.0,0.0,0.0,0.0,0.0,0.0,0.0,0.0,0.0,0.0,0.0,0.0,0.0,0.0,0.0,0.0,0.0,0.0,0.0,0.0,0.0,0.0,0.0,0.0,0.0,0.0,0.0
NEW CALEDONIA,East Asia and Pacific ,18721.05763,18257.21506,16339.80717,17324.25057,17435.74546,16039.16917,15174.27846,16885.89439,21817.31512,25770.53105,26861.69854,29604.05255,36864.8576,37353.73743,35391.08803,37494.8952,40697.65286,37294.02285,38503.25406,39675.56648,32428.57223,32286.9105,33876.32909,36495.19594,34934.57943,34877.63563,37247.49312,35745.84892,0.0
NEW ZEALAND,East Asia and Pacific ,17400.42018,18794.43604,17474.18703,14738.44557,15322.22383,13641.10272,13882.85683,16874.18749,21913.70817,25420.23488,27751.06547,26654.5932,32479.98174,31252.96256,28209.36233,33676.77412,38388.52809,39974.29973,42977.38804,44578.22539,38639.35019,40070.89566,42913.18696,43228.69765,42747.20993,41785.69229,49624.18167,48216.50958,48527.82892
NICARAGUA,Latin America and Caribbean ,875.0470132,895.2091658,896.6502581,931.8135246,961.6085178,997.3379696,1030.620464,993.2934981,999.8462355,1075.512455,1158.883368,1223.131876,1323.849163,1493.904544,1438.086823,1495.72919,1644.799354,1746.418584,1794.779965,1913.521348,2025.324776,2079.453735,2127.28572,1981.85912,1905.640917,1877.108555,2064.664619,2252.310206,2530.291072
NIGER,Sub-Saharan Africa ,234.6196048,237.0149628,218.2461447,243.5175496,225.953508,192.8777258,203.5264889,223.3523929,263.0912318,281.3253602,316.3656476,331.103768,384.7183455,472.1784274,458.4218902,471.612688,507.6024953,525.0472849,548.1578488,560.7544752,481.1113011,497.0361208,514.543398,568.5996597,549.8161278,564.8416623,590.6294948,588.8990483,618.287229
NIGERIA,Sub-Saharan Africa ,1302.550052,1673.906146,1765.078768,1871.756057,494.1292273,563.0470862,583.0858388,733.5378887,786.8022148,992.7453991,1250.406913,1652.154002,1876.413033,2227.790349,1883.887783,2280.111289,2504.879101,2728.022788,2976.756832,3200.952799,2679.554223,2144.780344,1941.879479,2125.834491,2334.023642,2074.613748,2065.77441,2162.633732,1621.123515
NIUE,East Asia and Pacific ,0.0,0.0,0.0,0.0,0.0,0.0,0.0,0.0,0.0,0.0,0.0,0.0,0.0,0.0,0.0,0.0,0.0,0.0,0.0,0.0,0.0,0.0,0.0,0.0,0.0,0.0,0.0,0.0,0.0
NORFOLK ISLAND,East Asia and Pacific ,0.0,0.0,0.0,0.0,0.0,0.0,0.0,0.0,0.0,0.0,0.0,0.0,0.0,0.0,0.0,0.0,0.0,0.0,0.0,0.0,0.0,0.0,0.0,0.0,0.0,0.0,0.0,0.0,0.0
NORTH KOREA,East Asia and Pacific ,0.0,0.0,0.0,0.0,0.0,0.0,0.0,0.0,0.0,0.0,0.0,0.0,0.0,0.0,0.0,0.0,0.0,0.0,0.0,0.0,0.0,0.0,0.0,0.0,0.0,0.0,0.0,0.0,0.0
NORTH MACEDONIA,Europe and Central Asia ,2372.543713,2327.730787,1959.560738,1875.816627,1915.392811,1861.898998,1823.022677,1989.135373,2445.362864,2818.581456,3120.984014,3440.441106,4204.113288,5026.420299,4799.787228,4833.365868,5416.866729,5049.826539,5626.261157,5925.385922,5262.686719,5598.486226,5955.297386,6713.989254,6718.858266,6659.596511,7620.80297,7485.603458,8146.467975
NORTHERN MARIANA ISLANDS,East Asia and Pacific ,0.0,0.0,0.0,0.0,0.0,0.0,0.0,16640.31518,16603.46006,16829.3972,15371.2423,14986.37602,14877.08168,15641.65778,13933.67919,14772.49616,13880.4265,14247.7893,14806.00679,16044.43073,17665.10075,24054.91561,30751.64107,25862.75445,23687.27185,17302.92214,0.0,0.0,0.0
NORWAY,Europe and Central Asia ,34875.70433,37321.9742,36629.0309,34803.46341,36393.29275,38178.23688,38601.89764,43170.55717,50250.32982,57768.6981,67047.17046,74434.49968,85502.26771,97503.54078,80347.57007,88163.20859,101221.8135,102175.9193,103553.8401,97666.69518,74809.9658,70867.361,76131.8384,82792.84271,76430.58895,68340.0181,93072.89251,108798.4512,87961.78061
OMAN,Middle East and North Africa ,6352.823059,6913.146462,7052.69677,6139.732825,6742.824603,8321.393867,8191.512832,8380.038952,8896.90253,10030.44443,12357.70139,14533.72942,16151.27584,22974.27735,17937.97957,22552.19901,24166.09631,24722.63882,23563.9406,23121.20638,18777.43306,17082.2062,17802.57512,19887.57431,19132.15227,16707.62301,19509.46646,25056.79486,23295.32996
ORANGE FREE STATE,Sub-Saharan Africa ,0.0,0.0,0.0,0.0,0.0,0.0,0.0,0.0,0.0,0.0,0.0,0.0,0.0,0.0,0.0,0.0,0.0,0.0,0.0,0.0,0.0,0.0,0.0,0.0,0.0,0.0,0.0,0.0,0.0
PAKISTAN,South Asia ,455.5079732,461.4002095,441.7549177,427.5063275,420.6826106,644.457157,610.1432316,599.7894108,673.382966,774.7853357,832.7511375,909.0324033,1012.182794,1087.514777,985.3493008,1011.59718,1161.044321,1236.892763,1259.668368,1303.18537,1421.835278,1468.822082,1567.640612,1620.742591,1437.165833,1322.314785,1506.108293,1589.26398,1407.021351
PAKISTAN (FORMER),South Asia ,0.0,0.0,0.0,0.0,0.0,0.0,0.0,0.0,0.0,0.0,0.0,0.0,0.0,0.0,0.0,0.0,0.0,0.0,0.0,0.0,0.0,0.0,0.0,0.0,0.0,0.0,0.0,0.0,0.0
PALAU,East Asia and Pacific ,7032.279621,7754.037898,7862.534842,7907.893062,7440.995872,7580.646235,8041.835105,8194.32485,7774.641624,8358.444556,9633.825873,9872.046868,10374.03908,10531.21888,10092.31838,10149.63704,10903.17525,12022.86806,12595.6286,13808.22749,16141.16966,17142.12925,16389.85054,16130.82066,15730.55955,14532.55832,12752.8953,13421.97229,14565.33025
PALESTINE,Middle East and North Africa ,0.0,0.0,0.0,0.0,0.0,0.0,0.0,0.0,0.0,0.0,0.0,0.0,0.0,0.0,0.0,0.0,0.0,0.0,0.0,0.0,0.0,0.0,0.0,0.0,0.0,0.0,0.0,0.0,0.0
PANAMA,Latin America and Caribbean ,3524.881271,3561.290458,3775.571536,4012.054165,4121.56222,4099.00654,4084.258536,4163.521959,4304.10698,4629.029316,4953.12998,5385.564243,6205.821576,7197.110786,7618.438459,8124.558307,9403.439908,10767.29318,11932.28622,12837.24796,13669.55944,14382.23238,15185.97248,16156.07429,16472.83175,13293.3332,15491.2898,17357.62863,18661.76733
PAPUA NEW GUINEA,East Asia and Pacific ,1004.249699,1077.188504,995.1972595,737.413721,653.4081341,639.2791999,540.6738896,509.0304919,580.5981672,624.0353213,748.7350734,1245.474176,1379.126993,1635.039566,1578.968628,1879.240559,2303.826611,2653.09279,2578.498647,2742.25005,2502.073445,2332.675888,2495.140773,2584.327802,2593.775554,2446.084687,2624.60411,3115.922923,2994.453327
PARAGUAY,Latin America and Caribbean ,1968.352487,2077.484829,2068.208378,1880.893165,1758.260193,1728.340743,1630.190846,1361.249281,1436.764904,1776.932258,1960.514766,2426.417098,3194.262982,4360.429109,3920.186071,4725.726341,5776.281848,5617.104918,6410.814703,6629.416993,5861.401895,5759.042198,6136.058301,6242.961454,5807.838794,5353.348065,5959.441794,6187.06603,6260.455191
PERU,Latin America and Caribbean ,2180.566639,2218.321747,2292.396517,2149.701063,1911.735017,1941.31826,1925.97942,2003.971081,2126.137824,2393.665897,2702.237701,3123.320159,3572.363589,4184.885982,4164.970483,5047.204643,5826.832307,6475.720443,6697.187747,6614.83082,6180.119268,6163.860425,6676.308793,6912.103988,6956.495749,6047.475464,6713.662054,7239.111311,7789.870975
PHILIPPINES,East Asia and Pacific ,1222.292515,1334.105656,1294.111972,1000.00669,1123.163571,1073.264436,991.1479821,1037.174788,1049.386495,1122.855522,1245.286584,1452.221405,1741.603511,1990.356129,1893.281641,2201.776828,2431.199961,2671.777522,2847.567943,2935.928598,2974.296917,3038.152037,3077.434419,3194.672701,3413.849044,3224.422811,3460.539382,3499.10728,3725.551205
PITCAIRN,East Asia and Pacific ,0.0,0.0,0.0,0.0,0.0,0.0,0.0,0.0,0.0,0.0,0.0,0.0,0.0,0.0,0.0,0.0,0.0,0.0,0.0,0.0,0.0,0.0,0.0,0.0,0.0,0.0,0.0,0.0,0.0
POLAND,Europe and Central Asia ,3686.845146,4147.465501,4123.145677,4518.108226,4398.072174,4501.479961,4991.244358,5207.129304,5701.638863,6681.309751,8021.54789,9035.532758,11254.31409,13995.78116,11525.90074,12504.25019,13776.38836,13010.75559,13558.34113,14181.94868,12560.05142,12378.81281,13815.50116,15504.50751,15700.01358,15816.81905,18050.27789,18732.49773,22112.86157
PORTUGAL,Europe and Central Asia ,11781.36185,12185.0914,11575.50711,12199.20639,12475.29177,11526.37207,11734.76497,12936.69282,15797.78213,18064.15809,18780.12751,19839.45405,22811.05648,24949.04136,23151.21541,22520.64231,23217.2955,20563.7136,21653.19598,22103.70097,19250.10654,19991.97249,21490.42986,23562.55452,23330.81729,22242.40642,24661.16649,24515.26575,27275.11155
PUERTO RICO,Latin America and Caribbean ,11579.185,12173.16369,12817.64496,14304.40499,15220.99134,16192.12697,18123.1987,18731.45939,19557.12025,20988.99233,21959.3227,22935.94116,23664.88235,24898.33459,25768.72589,26435.74879,27278.88305,27944.73389,28513.16574,28981.45733,29763.4883,30627.1634,31108.75275,31615.06679,32916.8668,31427.42911,32619.25042,35268.0791,36779.05949
QATAR,Middle East and North Africa ,15797.69104,17116.83256,20519.40935,17651.54558,20207.22559,27494.77133,25836.27079,27151.0325,31440.22071,40792.27647,52468.44565,59978.86121,64706.9899,79811.59774,60733.9817,73021.30975,92992.99713,98041.36224,97630.82552,93126.14946,66984.9102,58467.23557,59407.69805,66264.08117,62827.39696,52315.66008,66858.74172,87480.41971,0.0
REPUBLIC OF VIETNAM,East Asia and Pacific ,0.0,0.0,0.0,0.0,0.0,0.0,0.0,0.0,0.0,0.0,0.0,0.0,0.0,0.0,0.0,0.0,0.0,0.0,0.0,0.0,0.0,0.0,0.0,0.0,0.0,0.0,0.0,0.0,0.0
REUNION,Europe and Central Asia ,0.0,0.0,0.0,0.0,0.0,0.0,0.0,0.0,0.0,0.0,0.0,0.0,0.0,0.0,0.0,0.0,0.0,0.0,0.0,0.0,0.0,0.0,0.0,0.0,0.0,0.0,0.0,0.0,0.0
ROMANIA,Europe and Central Asia ,1650.049224,1633.010644,1577.33656,1852.554969,1599.906228,1659.929049,1825.192994,2119.855097,2679.40626,3494.990564,4618.003508,5757.531273,8360.337759,10435.21798,8548.04859,8397.809173,9560.159425,8930.729912,9497.206476,10031.34215,8976.954489,9404.381259,10727.97086,12494.42358,12957.99911,13047.45666,14946.62497,15692.30717,18419.41871
RUSSIA,Europe and Central Asia ,0.0,0.0,0.0,0.0,0.0,0.0,0.0,0.0,0.0,0.0,0.0,0.0,0.0,0.0,0.0,0.0,0.0,0.0,0.0,0.0,0.0,0.0,0.0,0.0,0.0,0.0,0.0,0.0,0.0
RWANDA,Sub-Saharan Africa ,227.4588749,205.8421295,241.5055329,251.3496873,269.3158544,255.0974129,239.1311285,234.8223109,249.561081,270.3065653,325.0302056,358.1186964,427.4321888,529.529272,564.9766324,594.1156734,650.9366759,706.1371305,704.4155555,724.7219737,733.8133793,728.8027579,756.5476411,769.0753443,806.332472,773.9318006,822.2680412,966.5712933,1000.218923
SABA,Europe and Central Asia ,0.0,0.0,0.0,0.0,0.0,0.0,0.0,0.0,0.0,0.0,0.0,0.0,0.0,0.0,0.0,0.0,0.0,0.0,0.0,0.0,0.0,0.0,0.0,0.0,0.0,0.0,0.0,0.0,0.0
SAINT BARTHELEMY,Europe and Central Asia ,0.0,0.0,0.0,0.0,0.0,0.0,0.0,0.0,0.0,0.0,0.0,0.0,0.0,0.0,0.0,0.0,0.0,0.0,0.0,0.0,0.0,0.0,0.0,0.0,0.0,0.0,0.0,0.0,0.0
SAINT HELENA,Europe and Central Asia ,0.0,0.0,0.0,0.0,0.0,0.0,0.0,0.0,0.0,0.0,0.0,0.0,0.0,0.0,0.0,0.0,0.0,0.0,0.0,0.0,0.0,0.0,0.0,0.0,0.0,0.0,0.0,0.0,0.0
SAINT KITTS AND NEVIS,Latin America and Caribbean ,0.0,0.0,0.0,0.0,0.0,0.0,0.0,0.0,0.0,0.0,0.0,0.0,0.0,0.0,0.0,0.0,0.0,0.0,0.0,0.0,0.0,0.0,0.0,0.0,0.0,0.0,0.0,0.0,0.0
SAINT LUCIA,Latin America and Caribbean ,5008.02743,5123.686514,5184.337012,5593.748414,5825.067308,5846.975502,5558.069371,5562.457123,6055.967957,6494.600349,6866.092387,7618.90542,7975.792541,8528.682085,8259.322338,8672.215668,9110.75181,9231.576254,9542.713574,10006.55125,10292.73353,10591.875,11280.59303,11585.69187,11714.89755,8356.678555,10213.11544,13030.92895,13980.09408
SAINT MARTIN (FRENCH PART),Latin America and Caribbean ,0.0,0.0,0.0,0.0,0.0,0.0,0.0,0.0,0.0,0.0,0.0,0.0,0.0,0.0,0.0,0.0,0.0,0.0,0.0,0.0,0.0,0.0,0.0,0.0,0.0,0.0,0.0,0.0,0.0
SAINT PIERRE AND MIQUELON,North America ,0.0,0.0,0.0,0.0,0.0,0.0,0.0,0.0,0.0,0.0,0.0,0.0,0.0,0.0,0.0,0.0,0.0,0.0,0.0,0.0,0.0,0.0,0.0,0.0,0.0,0.0,0.0,0.0,0.0
SAINT VINCENT AND THE GRENADINES,Latin America and Caribbean ,0.0,0.0,0.0,0.0,0.0,0.0,0.0,0.0,0.0,0.0,0.0,0.0,0.0,0.0,0.0,0.0,0.0,0.0,0.0,0.0,0.0,0.0,0.0,0.0,0.0,0.0,0.0,0.0,0.0
SAMOA,East Asia and Pacific ,1285.66701,1414.201948,1598.917862,1493.944863,1401.715924,1406.765683,1435.345181,1509.88659,1778.842234,2168.028186,2527.762838,2639.805669,3011.100809,3344.054559,3250.953097,3494.395225,3789.626995,3902.311992,3989.89859,3948.728022,4048.467113,4105.810905,4261.640343,4189.052191,4308.300729,4042.722752,3857.689742,3745.560367,4139.029587
SAN MARINO,Europe and Central Asia ,0.0,0.0,0.0,0.0,42004.9484,37473.78698,39415.16294,41770.14662,51198.42526,59249.64768,60520.79204,63692.61677,71970.05873,77962.14399,66200.67297,59516.3234,55815.28526,48433.5703,50435.36733,50133.60652,42281.81125,43398.42853,44885.51784,48464.52465,47287.39839,45321.48922,54982.45171,0.0,0.0
SAO TOME AND PRINCIPE,Sub-Saharan Africa ,779.2123115,998.3470132,667.7534887,517.0999631,545.1188362,530.2085727,519.295583,568.4096734,663.9206639,726.5977407,843.9551113,861.5182023,878.1354699,1080.556568,1126.538585,1043.281427,1217.212064,1207.700702,1378.230193,1484.170105,1292.733055,1428.257908,1547.82271,1815.605495,1924.40815,2155.265868,2350.452701,2386.696176,2601.790547
SAUDI ARABIA,Middle East and North Africa ,7588.766444,8174.147066,8323.831218,7169.368329,7697.271953,8795.261669,8337.326449,8380.956927,9321.807247,10935.01111,13462.7593,14848.60197,15756.19084,18944.85959,15064.63014,17958.94448,22441.57411,24069.19948,23945.51199,23862.79869,20442.36256,19930.41114,20910.48213,24175.58164,23405.70874,20398.06143,24315.61533,30447.88232,28894.96335
SENEGAL,Sub-Saharan Africa ,732.836373,741.7616647,667.4532061,702.4336928,695.5520829,619.6421235,654.8407274,688.1874795,840.358254,941.8737925,1003.187193,1038.579092,1210.167498,1419.530903,1323.971226,1286.604966,1383.539116,1334.725915,1391.53219,1417.094987,1238.1264,1290.749971,1385.199214,1484.22707,1462.678353,1492.475903,1630.695072,1594.985153,1745.972068
SERBIA,Europe and Central Asia ,2207.450598,2864.084727,3380.041416,2571.17271,2571.30404,914.7857199,1727.282228,2283.846685,3005.426352,3502.802924,3720.479155,4382.617279,5848.476405,7101.040141,6169.114195,5735.422857,6809.159804,6015.945228,6755.073675,6600.056211,5588.979444,5765.203352,6292.546549,7252.403668,7417.206608,7733.803469,9232.957705,9537.684319,11360.95951
SERBIA AND MONTENEGRO,Europe and Central Asia ,0.0,0.0,0.0,0.0,0.0,0.0,0.0,0.0,0.0,0.0,0.0,0.0,0.0,0.0,0.0,0.0,0.0,0.0,0.0,0.0,0.0,0.0,0.0,0.0,0.0,0.0,0.0,0.0,0.0
SEYCHELLES,Sub-Saharan Africa ,7180.668327,7004.336039,7746.698513,8209.514443,8243.236101,8063.655006,8153.298637,8864.169195,9070.284608,10827.67164,11802.11183,12782.99389,12669.30267,11265.43763,9747.091805,10934.79495,12110.09375,12337.15547,14821.29215,15188.19022,15333.10517,16566.9946,17480.36519,18440.23405,19141.51187,14041.47541,14982.91115,17167.19098,17879.23965
SIERRA LEONE,Sub-Saharan Africa ,201.3711228,216.6234189,193.0108126,151.0965629,149.5783419,138.7139416,221.2950856,240.5075193,255.9726186,258.4731688,286.2859063,320.5144108,358.0773155,402.5534055,386.4338685,400.5407437,443.4518422,558.1797233,706.4526815,702.3385877,581.2934118,515.4478396,484.4561288,519.6499639,506.6069138,493.4322406,504.6212876,475.7957278,433.3741743
SINGAPORE,East Asia and Pacific ,24914.8507,26232.8661,26375.86537,21829.27378,21796.63739,23852.83895,21699.74149,22159.83737,23730.38401,27608.08001,29961.31728,33768.45282,39432.88602,40008.57205,38926.80544,47236.68308,53891.45703,55547.55531,56967.42579,57564.80231,55645.60686,56899.91818,61162.09739,66840.63734,66081.71992,61466.80368,79601.41296,88428.70242,84734.25592
SINT EUSTATIUS,Europe and Central Asia ,0.0,0.0,0.0,0.0,0.0,0.0,0.0,0.0,0.0,0.0,0.0,0.0,0.0,0.0,0.0,0.0,0.0,0.0,0.0,0.0,0.0,0.0,0.0,0.0,0.0,0.0,0.0,0.0,0.0
SINT MAARTEN (DUTCH PART),Latin America and Caribbean ,0.0,0.0,0.0,0.0,0.0,0.0,0.0,0.0,0.0,0.0,0.0,0.0,0.0,0.0,0.0,0.0,27997.28983,28460.33262,27942.88054,36136.69917,36519.99266,36597.69201,35043.69087,32341.92343,35509.49473,30642.57994,33238.45587,37592.66081,39432.63812
SLOVAKIA,Europe and Central Asia ,0.0,0.0,0.0,0.0,0.0,0.0,0.0,0.0,0.0,0.0,0.0,0.0,0.0,0.0,0.0,0.0,0.0,0.0,0.0,0.0,0.0,0.0,0.0,0.0,0.0,0.0,0.0,0.0,0.0
SLOVENIA,Europe and Central Asia ,10730.45101,10815.11105,10454.96564,11175.77103,11452.78312,10201.30354,10479.75963,11777.15566,14849.03724,17233.13856,18098.90854,19672.96556,23817.88673,27595.59997,24792.12798,23532.48085,25128.01504,22641.80512,23503.28249,24247.17332,20890.16643,21678.35947,23514.02546,26123.74713,26042.44635,25558.42905,29331.0647,28439.3341,32163.51142
SOLOMON ISLANDS,East Asia and Pacific ,1251.217924,1322.526362,1326.165485,1121.120779,1164.100085,976.428269,929.8664903,768.4948507,905.5821641,991.988551,1145.866554,1250.953842,1377.862006,1504.527495,1526.159908,1661.997885,1921.356352,2087.517887,2208.085284,2235.733703,2134.805418,2196.283891,2283.579051,2450.482888,2398.77305,2222.462119,2151.293017,2162.66613,2203.179126
SOMALIA,Sub-Saharan Africa ,212.8374751,239.8456058,283.3799219,367.6428322,363.2606782,391.3101125,248.3640504,232.9890699,290.6991868,381.4824324,447.4171977,466.087702,488.4573476,516.7048899,251.3712917,223.4876069,237.8684513,324.8871765,454.0772642,491.1898041,507.4829155,517.0975815,555.1851236,537.1592902,589.4658919,556.578066,576.5236782,592.103122,643.7500288
SOUTH AFRICA,Sub-Saharan Africa ,3904.324238,3654.927598,3731.431561,3336.439647,3267.939169,3241.661396,2867.472497,2708.423333,4095.6837,5268.278576,5893.187076,6139.581618,6662.062785,6251.877427,6444.18684,8059.562798,8737.041269,8173.869138,7441.230854,6965.137897,6204.929901,5735.066787,6734.475153,7067.724165,6702.526617,5753.066494,7073.612754,6766.481254,6253.161613
SOUTH GEORGIA AND THE SOUTH SANDWICH ISLANDS,Latin America and Caribbean ,0.0,0.0,0.0,0.0,0.0,0.0,0.0,0.0,0.0,0.0,0.0,0.0,0.0,0.0,0.0,0.0,0.0,0.0,0.0,0.0,0.0,0.0,0.0,0.0,0.0,0.0,0.0,0.0,0.0
SOUTH KOREA,East Asia and Pacific ,0.0,0.0,0.0,0.0,0.0,0.0,0.0,0.0,0.0,0.0,0.0,0.0,0.0,0.0,0.0,0.0,0.0,0.0,0.0,0.0,0.0,0.0,0.0,0.0,0.0,0.0,0.0,0.0,0.0
SOUTH SUDAN,Sub-Saharan Africa ,0.0,0.0,0.0,0.0,0.0,0.0,0.0,0.0,0.0,0.0,0.0,0.0,0.0,1653.041537,1325.275077,1503.133889,1455.358407,1114.923723,1659.140787,1245.149311,1071.777765,0.0,0.0,0.0,0.0,0.0,0.0,0.0,0.0
SPAIN,Europe and Central Asia ,15471.96272,16109.0844,14730.79718,15394.35146,15720.6405,14749.68742,15369.00116,17106.68658,21510.83625,24907.00085,26429.15094,28389.07858,32591.35031,35510.72223,32169.50285,30532.48051,31677.90031,28322.94659,29077.18206,29513.65118,25754.36103,26537.15949,28185.32137,30379.72111,29581.51855,26984.29628,30488.82095,29674.54429,32676.98371
SRI LANKA,South Asia ,716.8007675,758.5064169,818.0287965,850.9856552,838.5636427,869.7534886,832.4273196,865.3021391,978.1686456,1060.136943,1240.518312,1423.190621,1611.175587,2007.026655,2053.766451,2836.974109,3248.04021,3351.892476,3643.832447,3885.623616,3990.353117,4107.829775,4388.201906,4360.584735,4082.694049,3846.174496,3999.338002,3342.720125,3827.964806
SUDAN,Sub-Saharan Africa ,483.7035522,307.8217468,388.8051147,366.1159058,339.2810364,378.1575012,471.3727722,529.4519653,607.0063477,737.1228027,945.6896973,1179.898315,1500.673096,1585.582397,1223.903442,1356.894653,1391.425659,1070.339722,1195.420288,1338.173096,1355.126099,1082.616577,1014.842468,769.8691406,748.0109253,608.3325195,749.7067871,1102.245361,2272.485596
SURINAME,Latin America and Caribbean ,1591.729379,1940.75444,2045.593051,2405.744246,1883.889099,1978.446611,1711.714461,2206.27291,2529.259422,2906.725278,3474.120331,5031.158465,5562.334068,6616.815126,7176.857658,7999.507394,8009.252302,8922.956186,9124.541093,9199.177893,8907.837258,5705.399487,6112.883014,6730.836961,6690.044786,4796.533314,5026.879493,5858.824661,6069.028901
SWEDEN,Europe and Central Asia ,30282.96392,32998.96816,30312.4876,30596.5272,30941.07936,29624.91267,27247.85773,29899.19525,37321.7979,42821.67314,43437.06312,46593.60216,53700.00534,56152.55234,46946.96027,52869.04429,60755.75955,58037.82132,61126.9432,60020.36046,51545.48361,51965.15715,53791.50873,54589.06039,51939.42974,52837.90398,61417.68088,56299.50573,56305.2502
SWITZERLAND,Europe and Central Asia ,50113.83212,48092.6433,41584.44178,42680.58673,41695.69129,38865.02194,39638.79111,42458.73847,49335.74563,54659.45715,56242.89336,59011.03246,64989.15533,74175.19279,71568.31239,76531.37294,90476.75897,85836.20768,87304.33058,88724.99094,83806.4476,82153.07454,82254.37693,85217.36915,84121.93103,85897.78433,93446.43445,93259.90572,99994.93802
SYRIA,Middle East and North Africa ,0.0,0.0,0.0,0.0,0.0,0.0,0.0,0.0,0.0,0.0,0.0,0.0,0.0,0.0,0.0,0.0,0.0,0.0,0.0,0.0,0.0,0.0,0.0,0.0,0.0,0.0,0.0,0.0,0.0
TAIWAN,East Asia and Pacific ,0.0,0.0,0.0,0.0,0.0,0.0,0.0,0.0,0.0,0.0,0.0,0.0,0.0,0.0,0.0,0.0,0.0,0.0,0.0,0.0,0.0,0.0,0.0,0.0,0.0,0.0,0.0,0.0,0.0
TAJIKISTAN,Europe and Central Asia ,208.1686692,172.9164992,150.6469901,214.4293317,175.5555181,137.1819092,168.6385696,186.6633985,233.0940616,305.2660778,333.7139027,401.0268698,517.4349226,704.6501788,666.7213442,740.2761349,837.8815558,959.360285,1038.320789,1094.43005,970.3625472,801.39384,844.3652169,850.6669272,889.0233407,852.3302021,916.6919671,1076.434691,1188.993038
TANZANIA,Sub-Saharan Africa ,256.9252319,311.6945801,361.2211609,383.9384155,390.2842712,399.3254395,394.2176819,400.0769348,419.4202576,447.4358826,480.1800537,472.6133423,539.5395508,671.2444458,688.7103882,730.7823486,768.9334106,854.5404663,954.6588135,1013.428772,929.7998047,942.8890381,975.9046631,1011.600159,1050.931763,1104.164429,1146.031982,1193.359619,1211.058594
THAILAND,East Asia and Pacific ,2848.622456,3039.892139,2462.41438,1841.042955,2028.568771,2004.107059,1889.971411,2091.178903,2350.845496,2647.260733,2876.245773,3343.785952,3934.690909,4327.79747,4154.187447,4996.372098,5396.643586,5748.632721,6041.133948,5822.377783,5708.794091,5854.463908,6436.78966,7124.55881,7628.576033,7001.850287,7070.512507,6913.050805,7171.808093
TIMOR-LESTE,East Asia and Pacific ,320.8148911,369.2630183,379.4108196,380.7883714,260.0333007,417.7379434,534.6505771,516.0898994,529.2197975,465.9377646,476.9027136,456.2726984,532.4854173,621.7414647,682.2247874,810.2164842,936.7089677,1020.110295,1201.602507,1221.72396,1322.929094,1349.546777,1285.523976,1241.164485,1583.078603,1663.559629,2741.95082,2389.295875,1648.64729
TOGO,Sub-Saharan Africa ,432.0789697,465.4881864,460.9244587,474.092493,457.396095,420.6936957,406.8659572,456.344162,551.1867736,573.4836459,564.0997445,565.3340214,621.7349217,735.8558302,737.9541133,722.2298014,803.4828432,781.5547749,847.3879715,877.1929606,770.1438074,792.4409914,813.3947872,873.565403,848.310125,876.5429724,964.99811,923.2403712,1012.973873
TOKELAU,East Asia and Pacific ,0.0,0.0,0.0,0.0,0.0,0.0,0.0,0.0,0.0,0.0,0.0,0.0,0.0,0.0,0.0,0.0,0.0,0.0,0.0,0.0,0.0,0.0,0.0,0.0,0.0,0.0,0.0,0.0,0.0
TONGA,East Asia and Pacific ,2089.197173,2216.683231,2135.860561,1889.670651,1953.371355,1996.515578,1754.84188,1760.667034,1937.042345,2195.986397,2478.427047,2751.960283,2799.368182,3221.080519,2915.493904,3416.110699,3852.144462,4378.571528,4208.187891,4125.425454,4117.931047,3978.437686,4367.256603,4649.613301,4878.978686,4605.970841,4425.971492,4681.679407,0.0
TRINIDAD AND TOBAGO,Latin America and Caribbean ,4074.877287,4385.0987,4352.812595,4569.652412,5130.866071,6120.942704,6592.776648,6692.804355,8352.463158,9756.500371,11673.78154,13340.91627,15627.28682,20011.14827,13682.76361,15711.55871,17910.31915,19110.0539,19927.4039,20473.40403,18508.7705,16139.10526,16258.74893,16328.12689,15642.40672,13705.90023,16056.30204,19629.46534,18332.96402
TUNISIA,Middle East and North Africa ,1940.034293,2076.990399,2170.571586,2253.028846,2343.997255,2170.508671,2207.659921,2292.483705,2693.196614,3029.848769,3106.57663,3279.10282,3678.062479,4200.172644,4029.461206,4241.01191,4361.949122,4233.916254,4308.338305,4398.638695,3960.924849,3796.1096,3569.718839,3577.175342,3477.836181,3493.897738,3817.377174,3607.910238,3895.386639
TURKEY,Europe and Central Asia ,0.0,0.0,0.0,0.0,0.0,0.0,0.0,0.0,0.0,0.0,0.0,0.0,0.0,0.0,0.0,0.0,0.0,0.0,0.0,0.0,0.0,0.0,0.0,0.0,0.0,0.0,0.0,0.0,0.0
TURKMENISTAN,Europe and Central Asia ,587.2890137,553.0594143,561.5340991,587.990328,544.4392556,635.7144663,762.6107976,949.5763982,1256.031867,1418.806266,1658.672779,2074.407389,2520.285026,3778.668539,3901.670283,4286.880505,5453.155005,6441.886618,7049.797505,7685.509859,6208.296655,6163.253406,6354.53283,6721.34954,7344.880204,7330.366288,7885.299896,8792.548504,9190.671543
TURKS AND CAICOS ISLANDS,Latin America and Caribbean ,0.0,0.0,0.0,0.0,0.0,0.0,18323.87374,17803.08282,18848.77869,21233.9324,24115.26568,28728.56972,29446.08269,31459.54343,24602.91102,23103.94268,23649.71443,22666.40691,22451.56873,24040.87466,25783.2941,26995.03216,25824.25618,27207.29396,27327.88328,17496.01747,23180.88517,26886.51474,30438.41759
TUVALU,East Asia and Pacific ,1243.882545,1387.846981,1426.190041,1431.923003,1535.321915,1564.014893,1451.484495,1752.80181,2012.447045,2328.493002,2311.337754,2402.480106,2803.248467,3103.040777,2697.634893,3043.16668,3663.267055,3624.984289,3536.901505,3556.379728,3384.383201,3836.073003,4181.436586,4419.259998,4940.050983,4674.911403,5372.760239,5221.53307,5465.102807
UGANDA,Sub-Saharan Africa ,278.3166132,284.4568035,286.5727449,292.1694813,257.6785777,257.8296057,235.8529749,241.8689302,250.6905884,292.4726656,330.6028544,346.7684623,401.7091876,473.3028334,799.9296321,824.7376711,837.0958842,796.7111394,819.7578673,897.5097286,864.1800593,753.6844055,766.177604,793.1280822,823.0247329,846.7672026,883.8920262,964.3541465,1014.213978
UKRAINE,Europe and Central Asia ,935.9587402,872.713501,991.2427979,835.2366333,635.7579346,658.3446045,807.8019409,911.9068604,1087.788086,1416.60376,1894.460083,2391.323975,3197.934326,4066.531738,2639.378174,3078.414795,3704.842285,4004.789795,4187.739746,3104.653809,2124.662598,2187.727539,2638.325439,3096.5625,3661.457764,3751.737305,4827.845703,4575.975098,5181.362793
UNITED KINGDOM,Europe and Central Asia ,23168.95296,24406.4003,26766.00562,28274.50451,28762.09136,28280.92679,27906.5695,30077.74143,34442.68754,40366.88867,42104.78844,44512.45903,50397.6855,47396.12021,38744.13169,39598.95712,42109.64188,42497.3405,43426.29814,47439.61659,44964.39114,40985.23514,40572.12148,43203.81411,42662.53537,40217.00901,46869.75906,45564.15694,48866.60396
UNITED STATES OF AMERICA,Middle East and North Africa ,28690.8757,29967.71272,31459.12997,32853.67259,34515.38131,36329.97026,37133.6204,37997.74243,39490.30239,41724.6412,44123.39965,46301.98765,48050.22741,48570.05943,47194.95009,48650.66432,50065.97895,51784.41147,53409.75078,55304.31553,57040.20821,58206.61419,60322.26142,63201.04585,65548.07078,64317.39891,71055.87619,77246.67388,81695.18707
UNITED STATES OF AMERICA,North America ,28690.8757,29967.71272,31459.12997,32853.67259,34515.38131,36329.97026,37133.6204,37997.74243,39490.30239,41724.6412,44123.39965,46301.98765,48050.22741,48570.05943,47194.95009,48650.66432,50065.97895,51784.41147,53409.75078,55304.31553,57040.20821,58206.61419,60322.26142,63201.04585,65548.07078,64317.39891,71055.87619,77246.67388,81695.18707
UNITED STATES VIRGIN ISLANDS,Latin America and Caribbean ,0.0,0.0,0.0,0.0,0.0,0.0,0.0,30062.02251,31731.25662,35006.36144,40828.74609,41377.1466,44158.5054,39152.37507,38753.18254,39905.12842,38997.13732,37795.31926,34597.97669,33045.36438,34007.35294,35324.97489,35365.0693,36663.20876,38633.52989,39411.04525,41976.00831,0.0,0.0
URUGUAY,Latin America and Caribbean ,6014.918523,6358.162863,7386.511422,7780.678349,7314.490951,6932.478134,6331.156602,4115.154549,3638.943591,4130.100115,5233.457171,5942.126749,7149.374634,9328.065708,9780.739618,12512.59413,14975.56282,16087.25208,18140.89221,18131.57885,16950.75317,16837.94038,18995.39702,19067.29156,18149.05629,15651.00338,17733.85516,20499.24222,22564.53246
USSR,Europe and Central Asia ,0.0,0.0,0.0,0.0,0.0,0.0,0.0,0.0,0.0,0.0,0.0,0.0,0.0,0.0,0.0,0.0,0.0,0.0,0.0,0.0,0.0,0.0,0.0,0.0,0.0,0.0,0.0,0.0,0.0
UZBEKISTAN,Europe and Central Asia ,585.9323642,600.5981578,623.0026524,623.2161328,702.4807441,558.2268024,456.7062895,383.343068,396.377979,465.1198869,546.7768502,654.2838373,830.4076942,1082.286025,1213.265328,1742.349256,2051.129515,2267.623275,2419.718744,2628.460054,2753.971058,2704.677189,1916.764625,1604.258641,1795.201768,1759.307471,1993.424478,2276.161233,2496.107758
VANUATU,East Asia and Pacific ,1461.405119,1495.987983,1524.960497,1432.608422,1429.889094,1416.197027,1309.047584,1299.178902,1517.294449,1718.263029,1814.817826,1970.898411,2261.459294,2525.083904,2472.463564,2732.551567,3064.751201,2906.342461,2877.444528,2861.203154,2643.886886,2757.203306,3032.19703,3076.835315,3076.589886,2917.756849,2978.012598,3128.540422,3367.094639
VATICAN,Europe and Central Asia ,0.0,0.0,0.0,0.0,0.0,0.0,0.0,0.0,0.0,0.0,0.0,0.0,0.0,0.0,0.0,0.0,0.0,0.0,0.0,0.0,0.0,0.0,0.0,0.0,0.0,0.0,0.0,0.0,0.0
VENEZUELA,Latin America and Caribbean ,3500.632677,3125.237788,3725.988118,3886.039254,4087.829348,4795.634748,4940.113903,3667.200194,3243.368805,4287.631579,5456.322425,6769.868414,8369.235268,11310.77817,11641.79915,13692.91497,10877.11236,12937.9276,12433.98079,15975.72938,0.0,0.0,0.0,0.0,0.0,0.0,0.0,0.0,0.0
VIETNAM,East Asia and Pacific ,281.1336045,329.00119,352.9344398,352.783068,367.1568837,394.5831366,409.4977339,434.8102921,485.4509081,551.9035051,693.1898425,790.5925164,913.3123316,1158.101627,1225.845009,1684.011772,1953.55715,2190.23244,2367.499331,2558.778758,2595.234844,2760.717101,2992.071532,3267.225069,3491.09141,3586.347176,3759.948329,4179.01179,4346.768492
WALLIS AND FUTUNA,East Asia and Pacific ,0.0,0.0,0.0,0.0,0.0,0.0,0.0,0.0,0.0,0.0,0.0,0.0,0.0,0.0,0.0,0.0,0.0,0.0,0.0,0.0,0.0,0.0,0.0,0.0,0.0,0.0,0.0,0.0,0.0
WEST GERMANY,Europe and Central Asia ,0.0,0.0,0.0,0.0,0.0,0.0,0.0,0.0,0.0,0.0,0.0,0.0,0.0,0.0,0.0,0.0,0.0,0.0,0.0,0.0,0.0,0.0,0.0,0.0,0.0,0.0,0.0,0.0,0.0
WESTERN SAHARA,Middle East and North Africa ,0.0,0.0,0.0,0.0,0.0,0.0,0.0,0.0,0.0,0.0,0.0,0.0,0.0,0.0,0.0,0.0,0.0,0.0,0.0,0.0,0.0,0.0,0.0,0.0,0.0,0.0,0.0,0.0,0.0
YEMEN,Middle East and North Africa ,794.6392782,390.9977218,399.6975881,359.0486036,421.723115,519.5916393,514.6923407,543.9000684,583.3696527,668.854619,784.7579805,867.8359626,956.2304767,1153.536422,1045.805578,1249.063085,1284.617635,1349.99061,1497.747941,1557.601406,1488.416289,1069.817009,893.7165009,701.7148647,0.0,0.0,0.0,0.0,0.0
YEMEN ARAB REPUBLIC,Middle East and North Africa ,0.0,0.0,0.0,0.0,0.0,0.0,0.0,0.0,0.0,0.0,0.0,0.0,0.0,0.0,0.0,0.0,0.0,0.0,0.0,0.0,0.0,0.0,0.0,0.0,0.0,0.0,0.0,0.0,0.0
YEMEN PEOPLE'S REPUBLIC,Middle East and North Africa ,0.0,0.0,0.0,0.0,0.0,0.0,0.0,0.0,0.0,0.0,0.0,0.0,0.0,0.0,0.0,0.0,0.0,0.0,0.0,0.0,0.0,0.0,0.0,0.0,0.0,0.0,0.0,0.0,0.0
YUGOSLAVIA,Europe and Central Asia ,0.0,0.0,0.0,0.0,0.0,0.0,0.0,0.0,0.0,0.0,0.0,0.0,0.0,0.0,0.0,0.0,0.0,0.0,0.0,0.0,0.0,0.0,0.0,0.0,0.0,0.0,0.0,0.0,0.0
ZAMBIA,Sub-Saharan Africa ,438.3837208,404.0904611,471.1721205,377.4626156,353.8302338,364.0261454,401.7323159,399.0990779,452.286582,556.0500516,720.4465047,1065.596417,1133.436158,1393.519491,1150.941746,1469.36145,1644.456831,1729.647471,1840.320553,1724.57622,1307.909649,1249.923143,1495.752138,1475.199883,1268.120941,958.2649005,1134.713454,1456.90157,1369.129365
ZIMBABWE,Sub-Saharan Africa ,646.8295598,765.1651241,750.6839091,554.3614836,585.3317992,565.2843897,569.0032086,529.1868828,474.3022011,477.399491,470.7837614,441.4987969,425.0368417,351.8391005,762.2979603,937.84034,1082.615773,1290.193957,1408.36781,1407.034291,1410.329173,1421.787791,1192.107012,2269.177012,1421.868596,1372.696674,1773.920411,1676.821489,1592.416574
