,country,1995,1996,1997,1998,1999,2000,2001,2002,2003,2004,2005,2006,2007,2008,2009,2010,2011,2012,2013,2014,2015,2016,2017,2018,2019,2020,2021,2022
0,AFGHANISTAN,0.0,0.0,0.0,0.0,0.0,0.0,0.0,0.0,0.0,0.0,0.0,0.0,0.0,57.0,89.0,147.0,165.0,167.0,179.0,121.0,86.0,62.0,16.0,50.0,85.0,75.0,0.0,0.0
1,ALBANIA,70.0,94.0,34.0,60.0,218.0,398.0,451.0,492.0,537.0,756.0,880.0,1057.0,1479.0,1850.0,2013.0,1778.0,1833.0,1623.0,1670.0,1849.0,1613.0,1821.0,2050.0,2306.0,2458.0,1243.0,2480.0,3255.1
2,ALGERIA,32.0,45.0,28.0,74.0,80.0,102.0,100.0,111.0,112.0,178.0,477.0,393.0,334.0,473.0,361.0,324.0,300.0,295.0,326.0,316.0,347.0,246.0,171.0,196.0,140.0,50.0,78.80000000000001,219.1
3,AMERICAN SAMOA,0.0,0.0,0.0,0.0,0.0,0.0,0.0,0.0,0.0,0.0,0.0,0.0,0.0,0.0,0.0,0.0,0.0,0.0,0.0,0.0,0.0,22.0,22.0,0.0,0.0,0.0,0.0,0.0
4,ANDORRA,0.0,0.0,0.0,0.0,0.0,0.0,0.0,0.0,0.0,0.0,0.0,0.0,0.0,0.0,0.0,0.0,0.0,0.0,0.0,0.0,0.0,0.0,0.0,0.0,1910.0,1351.0,1893.1000000000001,0.0
5,ANGOLA,27.0,38.0,24.0,39.0,31.0,34.0,35.0,51.0,63.0,82.0,103.0,91.0,236.0,293.0,554.0,726.0,653.0,711.0,1241.0,1597.0,1171.0,628.0,884.0,557.0,395.0,19.0,22.5,24.299999999999997
6,ANGUILLA,50.0,51.0,60.0,62.0,58.0,56.0,62.0,57.0,64.0,69.0,86.0,107.0,115.0,109.0,94.0,99.0,112.0,113.0,122.0,137.1,142.0,147.0,153.0,127.0,177.0,52.1,63.4,140.0
7,ANTIGUA AND BARBUDA,247.0,258.0,278.0,282.0,290.0,291.0,272.0,274.0,300.0,337.0,309.0,327.0,338.0,334.0,305.0,298.0,312.0,319.0,299.0,803.0,802.0,844.0,820.0,855.0,994.0,430.0,556.0,818.0
8,ARGENTINA,2550.0,2975.0,3153.0,3353.0,3175.0,3195.0,2756.0,1716.0,2306.0,2660.0,3209.0,3926.0,5030.0,5273.0,4455.0,5605.0,6058.0,5665.0,5199.0,5645.0,5441.0,5466.0,5830.0,5999.0,5654.0,1793.47,433.0,3694.0
9,ARMENIA,14.0,18.0,33.0,41.0,47.0,52.0,81.0,81.0,90.0,189.0,243.0,406.0,522.0,564.0,570.0,694.0,762.0,853.0,905.0,994.0,956.0,1037.0,1224.0,1358.0,1553.0,297.0,813.0,2513.1
10,ARUBA,554.0,666.0,726.0,786.0,782.0,850.0,825.0,835.0,858.1,1057.0,1097.0,1064.1,1213.4,1352.0,1223.0,1254.0,1358.0,1412.0,1506.0,1625.0,1659.0,1757.0,1855.0,2035.0,2109.0,1079.0,1788.0,2305.0
11,AUSTRALIA,10370.0,11882.0,11735.0,10169.0,11408.0,11594.0,11333.0,12148.0,14981.0,18032.0,19719.0,20408.0,25024.0,27189.0,26909.0,31064.0,34315.0,34137.0,35159.0,37996.0,36249.0,39059.0,43990.0,47327.0,47953.0,26235.0,17132.0,24214.0
12,AUSTRIA,14529.0,13980.0,12275.0,12694.0,12358.0,11382.0,11511.0,12334.0,15128.0,17251.0,18471.0,16512.0,18557.0,21630.0,19168.0,18751.0,19791.0,18931.0,20221.0,20913.0,20422.0,20965.0,22424.0,25413.0,25932.0,15194.0,11411.0,19175.0
13,AZERBAIJAN,87.0,57.0,176.0,143.0,93.0,68.0,57.0,63.0,70.0,79.0,100.0,201.0,317.0,382.0,545.0,792.0,1500.0,2634.0,2618.0,2713.0,2535.0,2855.0,3214.0,2830.0,2004.1,340.0,368.0,942.1999999999999
14,BAHAMAS,1356.0,1409.0,1427.0,1365.0,1598.0,1753.0,1665.0,1773.0,1770.0,1897.0,2081.0,2066.0,2198.0,2155.0,2025.0,2159.0,2157.0,2333.0,2305.0,2336.0,2554.0,3091.0,2951.0,3756.0,4150.0,972.0,2334.0,3524.0
15,BAHRAIN,593.0,589.0,578.0,625.0,785.0,854.0,886.0,985.0,1206.0,1504.0,1603.0,1786.0,1854.0,1927.0,1873.0,2163.0,1766.0,1752.0,1875.0,1913.0,2827.0,4021.0,4380.0,3834.0,3860.0,724.0,1886.0,3886.0
16,BANGLADESH,25.0,33.0,62.0,52.0,50.0,50.0,48.0,59.0,59.0,76.0,82.0,79.0,76.0,75.0,77.0,103.0,97.0,105.0,131.0,154.0,150.3,214.3,348.0,357.0,391.0,217.9,273.0,420.2
17,BARBADOS,628.0,665.0,670.0,718.0,734.0,795.0,728.0,695.0,840.0,843.0,905.0,1068.0,1198.0,1203.0,1076.0,1041.0,984.0,947.0,988.0,910.0,974.0,1071.0,1081.0,1118.0,1250.0,578.0,627.0,928.6
18,BELARUS,28.0,61.0,40.0,54.0,92.0,188.0,272.0,295.0,339.0,362.0,346.0,401.0,479.0,585.0,563.0,665.0,747.0,986.0,1156.0,1230.0,1013.0,1019.0,1124.5,1221.0,1290.0,546.0,662.0,0.0
19,BELGIUM,4548.0,4844.0,4529.0,4623.0,6472.0,6592.0,8304.0,7598.0,8848.0,10089.0,10881.0,11625.0,12369.0,12020.0,12718.0,12680.0,14114.0,13704.0,14534.0,15249.0,8975.0,8784.0,9636.0,10319.0,10516.0,7227.0,7336.0,8737.38
20,BELIZE,78.0,95.0,97.0,101.0,101.0,111.0,111.0,121.0,150.0,168.0,214.0,260.0,289.0,278.0,256.0,264.0,248.0,298.0,351.0,380.0,372.0,391.0,427.0,479.0,527.0,247.0,374.0,599.1
21,BENIN,85.0,79.1,56.2,64.2,94.4,77.4,85.5,94.5,107.9,120.9,107.7,121.6,206.3,236.4,131.4,149.4,201.0,174.0,193.0,153.0,148.0,129.0,160.0,175.0,240.86,202.6,246.60000000000002,0.0
22,BERMUDA,488.0,472.0,478.0,487.0,479.0,431.0,351.0,378.0,348.0,426.0,429.0,495.0,569.0,431.0,366.0,442.0,500.0,448.0,447.0,407.0,370.0,440.0,513.0,583.0,601.0,94.0,142.9,0.0
23,BHUTAN,0.0,0.0,0.0,0.0,0.0,0.0,0.0,0.0,0.0,0.0,0.0,36.0,47.0,47.0,51.0,64.0,76.0,93.0,116.0,99.0,120.0,139.0,153.0,121.0,120.0,84.0,3.8,0.2
24,BOLIVIA,92.0,100.0,129.0,137.0,124.0,101.0,119.0,143.0,243.0,283.0,345.0,330.0,326.0,302.0,306.0,339.0,499.0,631.0,639.0,746.0,810.0,827.0,928.0,947.9,977.0,239.9,269.0,706.0
25,BONAIRE,37.0,42.0,44.0,43.0,45.0,59.0,64.0,65.0,84.0,87.0,87.0,91.0,110.0,121.0,107.0,0.0,0.0,0.0,0.0,0.0,0.0,0.0,0.0,0.0,0.0,0.0,0.0,0.0
26,BOSNIA AND HERZEGOVINA,0.0,0.0,0.0,257.0,258.0,246.0,279.0,307.0,404.0,507.0,557.0,658.0,804.0,913.0,753.0,662.0,722.0,686.0,752.0,755.0,794.0,875.0,984.0,1147.0,1225.0,443.0,1003.0,1464.0
27,BOTSWANA,176.0,105.0,141.0,179.0,239.0,227.0,235.0,324.0,459.0,582.0,563.0,540.0,548.3,510.7,663.6,440.1,468.3,461.3,484.2,529.3,534.3,505.0,542.01,584.2,712.4,116.89999999999999,275.29999999999995,373.59999999999997
28,BRAZIL,1085.0,744.0,1025.0,1398.0,1718.0,1969.0,1844.0,2142.0,2673.0,3389.0,4168.0,4577.0,5284.0,6109.0,5635.0,5522.0,6370.0,6623.0,6784.0,7405.0,6254.0,6613.0,6175.0,6324.0,6127.0,3099.0,3005.0,4967.8
29,BRUNEI DARUSSALAM,0.0,0.0,0.0,0.0,0.0,0.0,155.0,113.0,124.0,181.0,191.0,224.0,233.0,242.0,254.0,0.0,0.0,92.0,96.0,79.0,147.0,144.0,177.0,190.0,217.0,38.0,30.0,118.3
30,BULGARIA,662.0,541.0,517.0,1150.0,1184.0,1364.0,1262.0,1392.0,2051.0,2796.0,3063.0,3317.0,4181.0,4852.0,4273.0,3807.0,4297.0,3975.0,4410.0,4518.0,3568.0,4148.0,4663.0,5061.0,4832.0,1861.3999999999999,2734.1499999999996,3701.3999999999996
31,BURKINA FASO,0.0,0.0,0.0,0.0,0.0,23.0,25.0,37.0,38.0,52.0,46.0,55.0,61.0,82.0,99.0,105.0,116.0,128.0,200.0,183.0,152.0,172.0,172.0,179.0,173.0,128.0,144.8,0.0
32,BURUNDI,2.4249942444170802,2.141381132740245,1.44007180343455,1.3,1.2,1.4,0.9,1.6,1.2,1.7999999999999998,1.9,1.6,2.3,1.6,1.7,2.1,3.7,1.5,2.3,4.1,2.2,1.9,3.0,3.9,0.0,0.0,0.0,0.0
33,CABO VERDE,29.0,37.0,50.0,45.0,56.0,64.0,77.0,100.0,135.0,153.0,177.0,280.0,375.0,432.0,349.0,387.0,438.0,452.0,483.0,453.0,380.0,397.0,451.0,520.0,567.2,169.0,144.9,400.2
34,CAMBODIA,71.0,117.0,99.0,129.0,240.0,345.0,429.0,509.0,441.0,673.0,929.0,1109.0,1169.0,1280.0,1463.0,1671.0,2258.0,2663.0,2895.0,3220.0,3419.0,3523.0,4024.0,4832.0,5312.0,1119.0,197.0,1529.3
35,CAMEROON,75.0,151.0,119.0,114.0,92.0,132.0,182.0,124.0,266.0,212.0,229.0,231.0,254.0,167.0,271.0,171.0,423.0,377.0,607.0,629.0,476.0,508.0,544.0,633.0,681.0,437.0,553.5,544.5
36,CANADA,9176.0,10073.0,10390.0,11049.0,12024.0,13035.0,12680.0,12744.0,12236.0,15135.0,15891.0,16837.0,17962.0,18190.0,15580.0,18440.0,19994.0,20156.0,20886.0,21580.0,20315.0,22676.0,25083.0,27269.0,29822.0,13612.0,14414.0,24241.0
37,CAYMAN ISLANDS,0.0,0.0,0.0,0.0,0.0,0.0,0.0,0.0,0.0,0.0,0.0,0.0,0.0,0.0,0.0,0.0,0.0,0.0,0.0,0.0,0.0,708.0,832.0,911.0,964.0,260.0,45.7,0.0
38,CENTRAL AFRICAN REPUBLIC,0.0,0.0,0.0,0.0,0.0,0.0,0.0,0.0,0.0,7.800000000000001,7.2,10.2,10.8,11.8,7.5,14.4,15.0,15.0,28.0,28.0,16.0,22.21,25.3,22.0,21.5,30.9,0.0,0.0
39,CHILE,1186.0,1209.0,1401.0,1431.0,1243.0,1179.0,1184.0,1221.0,1309.0,1571.0,1608.0,1853.0,2224.0,2481.0,2380.0,2362.0,2723.0,3185.0,3192.0,3221.0,3428.0,3762.0,4136.0,3937.0,3316.0,841.0,535.45,1907.0
40,CHINA,8730.0,10200.0,12626.0,13229.0,15006.0,17318.0,19006.0,21742.0,18707.0,27755.0,29296.0,33949.0,37233.0,40843.0,39675.0,45814.0,48464.0,50028.0,51664.0,44044.0,44969.0,44432.0,38559.0,40386.0,35832.0,9951.0,11329.9,9582.6
41,COLOMBIA,887.0,1362.0,1315.0,1216.0,1231.0,1313.0,1483.0,1237.0,1191.0,1535.0,1891.0,2370.0,2616.0,2966.0,3080.0,3473.0,3841.0,4409.0,4819.0,4941.0,5281.0,5631.0,5899.0,6655.0,6784.0,1932.0,3238.5,7321.0
42,COMOROS,0.0,0.0,0.0,0.0,0.0,0.0,0.0,0.0,0.0,0.0,24.4,27.4,30.4,37.4,32.3,35.2,42.2,39.3,0.0,62.8,51.6,50.5,60.6,73.7,72.7,18.7,71.8,84.7
43,CONGO,14.66914,11.0175935,10.0,9.0,13.5,12.4,22.6,25.6,30.0,23.1,40.0,45.0,31.4,37.0,85.0,39.0,47.0,68.0,52.4,56.9,46.9,42.9,0.0,0.0,34.0,6.0,0.0,0.0
44,COSTA RICA,763.0,797.0,860.0,1038.0,1256.0,1629.0,1480.0,1429.0,1573.0,1755.0,2008.0,2066.0,2454.0,2811.0,2216.0,2426.0,2646.0,2773.0,3171.0,3137.0,3408.0,3776.0,3758.0,4073.0,4339.0,1464.0,1834.3000000000002,3255.7000000000003
45,COTE D´IVOIRE,103.0,107.0,103.0,111.0,107.0,53.0,58.0,56.0,76.0,91.0,93.0,104.0,115.0,129.0,164.0,213.0,186.0,172.5,191.0,195.0,214.0,477.0,509.0,551.0,550.0,199.3,315.0,0.0
46,CROATIA,1349.0,2014.0,2523.1,2733.4,2595.0,2750.0,3330.0,3807.0,5001.0,5686.0,6196.0,7073.0,8583.0,9631.0,7801.0,7225.0,8330.0,8683.0,8332.0,8929.0,8194.0,9213.0,10524.0,11344.0,11971.0,5551.0,10890.9,13628.0
47,CUBA,1100.0,1333.0,1515.0,1759.0,1901.0,1948.0,1840.0,1769.0,1999.0,2114.0,2591.0,2414.0,2415.0,2535.0,2249.0,2396.0,2503.0,2614.0,2608.0,2546.0,2819.0,3069.0,3302.0,2783.0,2645.0,1152.0,417.0,1049.5
48,CURAÇAO,0.0,0.0,0.0,0.0,0.0,0.0,0.0,0.0,0.0,0.0,0.0,0.0,329.0,383.0,378.0,438.0,540.0,676.0,778.0,820.0,712.0,644.0,572.0,604.0,706.0,282.0,553.0,995.0
49,CYPRUS,2018.04425,1904.7235,1850.36061,1918.30355,2115.0,2137.0,2203.0,2178.0,2325.0,2552.0,2644.0,2692.00764,3107.0,3232.0,2476.0,2137.0,2603.0,2603.0,2930.0,2924.0,2525.66425,2870.0,3274.0,3449.0,3251.0,734.0,2090.0,2835.0
50,CZECHIA,2880.0,4079.0,3620.0,3894.0,3153.0,2973.0,3104.0,3376.0,4069.0,4931.0,5772.0,6702.0,7803.0,9228.0,8164.0,8068.0,8930.0,8174.0,7792.0,7614.0,6766.0,7041.0,7695.0,8283.0,7967.0,3853.0,3358.0,5283.0
51,DEMOCRATIC REPUBLIC OF THE CONGO,0.0,0.0,0.0,0.0,0.0,0.0,0.0,0.0,0.0,0.0,3.2,3.1,0.7,0.7,24.0,10.7,11.4,6.9,8.4,45.4,0.1,4.3,6.0,60.5,99.7,80.8,107.7,0.0
52,DENMARK,3691.0,3420.0,3156.0,3236.0,3698.0,3671.0,4003.0,4791.0,5271.0,5652.0,5293.0,5562.0,5978.0,6281.0,5617.0,5704.0,6366.0,6135.0,6490.0,7617.0,6685.0,7494.0,8508.0,9107.0,8650.0,3966.0,4473.0,8912.0
53,DJIBOUTI,5.4,4.6,4.2,9.3,7.6,8.1,8.6,8.9,6.9,6.8,7.1,9.8,6.8,7.8,16.0,18.0,19.2,20.5,21.6,24.7,39.9,38.6,36.2,57.0,63.1,29.7,38.4,45.5
54,DOMINICA,42.0,44.0,48.0,47.0,51.0,48.0,46.0,46.0,52.0,61.0,57.0,72.0,74.0,76.0,77.0,94.0,106.0,76.0,82.0,216.0,202.0,197.0,161.0,88.0,135.0,30.0,23.0,91.0
55,DOMINICAN REPUBLIC,1571.0,1781.0,2099.0,2153.0,2483.0,2860.0,2798.0,2730.0,3128.0,3152.0,3518.0,3917.0,4064.0,4166.0,4049.0,4162.0,4391.0,4687.0,5055.0,5630.0,6116.0,6720.0,7184.0,7548.0,7472.0,2675.0,5697.0,8406.0
56,ECUADOR,315.0,330.0,335.0,330.0,377.0,451.0,438.0,449.0,408.0,464.0,488.0,492.0,626.0,745.0,674.0,786.0,849.0,1039.0,1251.0,1487.0,1557.0,1729.0,2018.0,2279.0,2193.7,704.0,1060.0,1802.0
57,EGYPT,2954.0,3583.0,4046.0,2942.0,4361.0,4657.0,4119.0,4133.0,4704.0,6328.0,7206.0,8133.0,10327.0,12104.0,11757.0,13633.0,9333.0,10823.0,6747.0,7979.0,6897.0,3306.0,8636.0,12704.0,14256.0,4874.0,9499.0,13624.5
58,EL SALVADOR,152.0,155.0,149.0,206.0,408.0,437.0,452.0,521.0,664.0,748.0,656.0,686.0,793.0,711.0,549.0,646.0,729.0,900.0,1054.0,1285.0,1203.0,1161.0,1227.0,1370.0,1664.0,755.0,1225.0,2235.0
59,ESTONIA,452.0,565.0,597.0,668.0,702.0,657.0,661.0,737.0,883.0,1111.0,1229.0,1361.0,1416.0,1643.0,1090.0,1065.0,1256.0,1286.0,2022.0,2278.0,1893.0,1911.0,2124.0,2326.0,2304.0,833.0,904.0,1630.0
60,ESWATINI,54.0,42.0,44.0,51.0,15.0,24.0,23.0,45.0,70.04,75.1,77.3,75.1,32.2,26.3,40.1,51.4,10.1,29.1,4.2,15.6,14.2,13.2,13.2,16.4,14.3,7.3,8.2,11.8
61,ETHIOPIA,177.0,170.0,157.0,152.0,176.0,205.0,218.0,261.0,336.0,458.0,533.0,639.0,790.0,1184.0,1119.0,1434.0,2010.0,1981.0,2236.0,2107.5,2279.0,2138.0,2505.0,3548.0,3529.0,2282.0,2601.0,3883.1
62,FIJI,369.0,374.0,386.0,309.0,365.0,291.0,316.0,384.0,496.0,588.0,722.0,684.0,722.0,952.0,688.0,825.0,957.0,989.0,966.0,1091.0,1094.0,1149.0,1243.0,1370.0,1345.0,237.0,66.0,1069.0
63,FINLAND,2383.0,2408.0,2358.0,2371.0,2236.0,2035.0,2066.0,2238.0,2679.0,2977.0,3069.0,3515.0,4287.0,4875.0,4072.0,4496.0,5615.0,5418.0,5774.0,5409.0,4011.0,4017.0,5210.0,5762.0,5944.0,1757.0,1541.0,3557.3
64,FRANCE,31295.0,32088.0,27402.0,29490.0,44551.0,38706.0,37826.0,41113.0,46576.0,53068.0,52126.0,54615.0,63890.0,68034.0,58906.0,56178.0,66133.0,63975.0,66054.0,67402.0,66441.0,63557.0,67717.0,72518.0,70786.0,35796.0,44665.0,67369.0
65,FRENCH POLYNESIA,0.0,0.0,0.0,0.0,0.0,0.0,0.0,471.0,651.0,737.0,759.0,463.0,537.0,737.0,618.0,630.0,725.0,720.0,746.0,835.0,758.0,782.0,511.0,642.0,0.0,0.0,0.0,0.0
66,GABON,94.0,91.0,103.0,110.0,143.0,99.0,46.0,77.0,84.0,74.0,13.0,0.0,26.0,26.5,26.2,89.0,25.4,39.5,61.2,43.5,28.7,0.0,0.0,0.0,0.0,0.0,0.0,0.0
67,GAMBIA,28.0,67.0,76.0,0.0,0.0,0.0,0.0,0.0,58.0,51.0,59.0,69.0,87.0,80.2,64.0,80.0,86.0,104.0,78.0,110.0,92.0,88.0,128.0,174.0,157.0,53.0,67.0,164.4
68,GEORGIA,0.0,0.0,75.0,229.0,131.0,107.0,136.0,144.0,172.0,209.0,287.0,361.0,440.0,505.0,537.0,737.0,1069.0,1565.0,1916.0,1972.0,2049.0,2315.0,2971.0,3518.0,3551.0,586.0,1351.0,3781.6
69,GERMANY,24053.0,23982.0,24500.0,25806.0,25327.0,24943.0,24182.0,26717.0,30129.0,36417.0,40518.0,45560.0,49320.0,53402.0,47499.0,49116.0,53465.0,51626.0,55486.0,58721.0,50669.0,52234.0,40011.0,42895.0,41779.0,22068.0,22137.0,31257.0
70,GHANA,30.0,32.0,35.0,304.0,325.0,357.0,374.0,383.0,441.0,495.0,867.0,910.0,990.0,970.0,849.0,706.0,797.0,1154.0,1010.0,1027.0,911.0,952.0,919.0,996.0,1490.0,191.0,664.0,895.0
71,GREECE,4182.0,3759.0,3794.0,6188.0,8839.0,9264.0,9219.0,10012.0,10852.0,12815.0,13455.0,14502.0,15683.0,17608.0,16038.0,13857.0,16269.0,14665.0,17433.0,19489.0,17547.0,16811.0,19139.0,21594.0,23003.0,6193.0,13666.0,20094.0
72,GRENADA,76.0,79.0,78.0,83.0,88.0,93.0,83.0,91.0,104.0,86.0,71.0,94.0,129.0,127.0,112.0,112.0,117.0,122.0,120.0,388.0,422.0,437.0,482.0,522.0,560.0,186.0,232.0,569.0
73,GUATEMALA,216.0,221.0,270.0,329.0,374.0,498.0,588.0,647.0,646.0,630.0,791.0,919.0,1055.0,1098.3,1086.3,1053.3,1077.4,1110.0,1160.7,1164.4,1169.5,1202.7,1217.6,1235.1,1227.2,328.5,393.1,992.1
74,GUINEA,0.911,9.3,4.8,4.3,5.8,7.8,8.2,0.0,0.6,0.0,5.6,0.0,1.1,2.4,4.9,2.04,2.12,1.68,0.0,17.099999999999998,27.0,16.599999999999998,16.599999999999998,4.7,10.4,1.29,12.799999999999999,10.56
75,GUINEA-BISSAU,0.0,0.0,3.1,0.0,0.0,0.0,2.7,2.3,2.4,2.2,1.6,2.8,28.4,38.2,12.0,13.600000000000001,14.5,6.8,17.4,20.8,17.3,11.5,16.44,20.0,18.919999999999998,2.9,16.6,0.0
76,GUYANA,33.0,112.0,115.0,111.0,109.0,80.0,65.0,53.0,28.0,27.0,35.0,37.0,50.0,59.0,35.0,80.0,95.0,64.0,77.0,79.0,65.0,104.0,95.0,28.0,27.0,24.0,26.0,0.0
77,HAITI,90.0,96.0,107.0,131.0,135.0,128.0,105.0,108.0,96.0,93.0,80.0,126.0,190.0,360.0,416.0,383.0,456.0,447.0,546.0,578.0,609.0,549.0,588.0,620.0,450.0,102.0,110.0,73.0
78,HONDURAS,85.0,119.0,152.0,175.0,214.0,263.0,260.0,305.0,372.0,420.0,465.0,515.7,546.6,619.8,616.1,626.7,641.5,683.7,618.0,706.0,671.0,585.0,610.0,601.0,558.0,157.0,305.0,552.0
79,HONG KONG,9604.0,11994.0,9979.0,7286.0,7307.0,8194.0,7923.0,9849.0,9004.0,11874.0,13588.0,15476.0,18237.0,20236.0,20291.0,27208.0,33169.0,37098.0,42426.0,46259.0,42229.0,37654.0,38138.0,42521.0,33045.0,2856.0,1850.0,3148.0
80,HUNGARY,2938.0,3589.0,3824.0,3688.0,3622.0,3809.0,4191.0,3774.0,4119.0,4009.0,4761.0,4998.0,5628.0,7533.0,7013.0,6595.0,7239.0,6149.0,6671.0,7483.0,6929.0,7481.0,8448.0,9618.0,10225.0,4223.0,5791.0,8984.0
81,ICELAND,309.0,312.0,314.0,372.0,380.0,386.0,383.0,415.0,486.0,558.0,635.0,702.0,848.0,881.0,550.0,562.0,752.0,866.0,1084.0,1396.0,1630.0,2429.0,3020.0,3134.0,2689.0,654.0,1303.0,2468.0
82,INDIA,2582.0,2831.0,2890.0,2949.0,3010.0,3598.0,3342.0,3300.0,4560.0,6307.0,7659.0,8915.0,11234.0,12462.0,11136.0,14490.0,17708.0,18340.0,19042.0,20756.0,21472.0,23111.0,27878.0,29143.0,31661.0,13413.0,9135.0,22410.0
83,INDONESIA,5229.0,6184.0,6648.0,4255.0,4352.0,4975.0,5277.0,5797.0,4461.0,5226.0,5094.0,4890.0,5831.0,8150.0,6053.0,7618.0,9038.0,9463.0,10302.0,11567.0,12054.0,12566.0,14691.0,17915.0,18405.0,3603.0,548.0,7035.8
84,IRAN,205.0,142.0,190.0,656.0,559.0,677.0,1122.0,1607.0,1266.0,1305.0,1025.0,1464.0,1950.0,1978.0,2259.0,2631.0,2489.0,2483.0,3306.0,4197.0,4771.0,4634.0,4531.0,5252.0,0.0,0.0,0.0,0.0
85,IRAQ,18.0,15.0,14.0,15.0,1.0,2.0,15.0,45.0,0.0,0.0,186.0,170.0,555.0,867.0,1432.0,1736.0,1557.0,1640.0,1682.0,1938.0,2833.0,3120.0,2959.0,1986.0,3593.0,955.0,1963.0,0.0
86,IRELAND,2697.792733263501,3022.3296056691042,3181.0,3297.0,3403.0,3517.0,3789.0,4228.0,5206.0,6075.0,6779.0,7668.0,9260.0,9972.0,8465.0,8185.0,9532.0,9255.0,10165.0,11101.0,11476.0,12649.0,14294.0,15276.0,14808.0,4665.0,5207.0,14186.3
87,ISRAEL,3491.0,3506.0,3740.0,3598.0,4800.0,4611.0,2854.0,2426.0,2473.0,3169.0,3750.0,3736.0,4325.0,5401.0,4937.0,5638.0,5886.0,6183.0,6600.0,6616.0,6605.0,6616.0,7602.0,7969.0,8378.0,2629.0,2356.0,6266.0
88,ITALY,30411.0,31884.0,31415.0,31339.0,29570.0,28712.0,26924.0,28213.0,32623.0,37893.0,38364.0,41666.0,46134.0,46217.0,40407.0,38432.0,43271.0,40943.0,43825.0,45562.0,41415.0,42423.0,46719.0,51602.0,51910.0,20317.0,25355.0,44848.0
89,JAMAICA,1199.0,1218.0,1290.0,1380.0,1486.0,1577.0,1494.0,1482.0,1621.0,1733.0,1783.0,2094.0,2142.0,2222.0,2070.0,2095.0,2060.0,2069.0,2074.0,2255.0,2401.0,2539.0,2809.0,3099.0,3639.0,1256.0,2095.0,3621.0
90,JAPAN,4894.0,5775.0,6175.0,5664.0,5715.0,5970.0,5750.0,6069.0,11475.0,14343.0,15554.0,11490.0,12422.0,13781.0,12537.0,15356.0,12533.0,16197.0,16865.0,20790.0,27285.0,33456.0,36978.0,45276.0,49209.0,11396.0,5351.0,10633.0
91,JORDAN,973.0,1026.0,1063.0,1083.0,1016.0,935.0,884.0,1254.0,1266.0,1621.0,1759.0,2426.0,2754.0,3539.0,3472.0,4390.0,4351.0,5123.0,5145.0,5518.0,4968.0,4943.0,5549.0,6221.0,6765.0,1745.0,3426.0,6913.0
92,KAZAKHSTAN,155.0,258.0,350.0,454.0,394.0,403.0,502.0,680.0,638.0,803.0,801.0,973.0,1214.0,1255.0,1185.0,1236.0,1524.0,2154.0,2365.0,2239.0,1833.0,2038.0,2356.0,2651.0,2915.0,743.0,761.0,1734.0
93,KENYA,785.0,823.0,1077.0,1213.0,1211.0,500.0,536.0,513.0,619.0,799.0,969.0,1181.0,1514.0,1398.0,1124.0,1620.0,1844.0,2004.0,1829.0,1745.0,1596.0,1472.0,1564.0,1784.0,1762.0,739.0,1222.0,1704.0
94,KIRIBATI,0.0,0.0,0.0,0.0,0.0,0.0,0.0,0.0,0.0,0.0,0.0,2.3,3.3,3.3,3.9,4.3,4.9,4.9,3.4,3.2,2.0,2.8,5.17,3.4,3.2,0.03,0.01,1.96
95,KUWAIT,307.0,389.0,396.0,456.0,342.0,394.0,286.0,320.0,328.0,398.0,413.0,508.0,530.0,610.0,660.0,574.0,644.0,780.0,619.0,615.0,931.0,831.0,643.0,919.0,1198.0,526.0,708.0,1687.0
96,KYRGYZSTAN,5.0,4.0,7.0,12.0,18.0,20.0,32.0,48.0,62.0,92.0,94.0,189.0,392.0,569.0,300.0,212.0,405.0,486.0,585.0,468.0,482.0,477.0,480.0,518.0,708.0,195.0,259.0,827.0
97,LAOS,52.0,63.0,61.0,97.0,86.0,114.0,108.0,110.0,77.0,122.0,143.0,160.0,190.0,280.0,271.0,385.0,413.0,461.0,613.0,642.4,725.0,717.0,655.0,833.0,974.0,227.0,5.7,0.0
98,LATVIA,37.0,231.0,235.0,222.0,153.0,172.0,153.0,201.0,271.0,343.0,446.0,622.0,880.0,801.0,724.0,639.0,771.0,744.0,865.0,953.0,895.0,899.0,951.0,1057.0,1016.0,799.0,748.0,1096.0
99,LEBANON,0.0,0.0,0.0,0.0,0.0,0.0,0.0,4284.0,6782.0,5931.0,5969.0,5457.0,5796.0,6317.0,7157.0,8026.0,6797.0,7361.0,7032.0,6835.0,7087.0,7373.0,8086.0,8694.0,8717.0,2369.0,3162.0,0.0
100,LESOTHO,29.0,33.7,33.72,24.7,23.1,18.0,16.0,14.0,21.0,26.0,27.0,29.0,31.0,30.0,30.0,23.0,24.0,22.0,17.0,16.0,34.0,48.0,23.0,24.0,21.0,6.0,10.0,11.0
101,LIBERIA,0.0,0.0,0.0,0.0,0.0,0.0,0.0,0.0,0.0,59.0,67.0,124.0,131.0,158.0,123.0,0.0,0.0,0.0,0.0,0.0,0.0,0.0,0.0,0.0,1.9,4.4,4.4,4.4
102,LIBYA,4.0,4.0,3.0,23.0,39.0,84.0,90.0,202.0,243.0,261.0,301.0,244.0,99.0,99.0,159.0,170.0,30.0,110.0,131.0,33.0,33.0,33.0,41.0,52.0,150.0,93.0,0.0,0.0
103,LITHUANIA,102.0,345.0,399.0,504.0,591.0,430.0,425.0,556.0,700.0,834.0,920.0,1038.0,1154.0,1248.0,972.0,958.0,1321.0,1317.0,1374.0,1383.0,1153.0,1210.0,1325.0,1504.0,1492.0,574.0,585.0,1174.0
104,LUXEMBOURG,1695.0,1640.0,1639.0,1634.0,1697.0,1686.0,1780.0,3227.432239843139,4017.61475908876,4761.69165331615,4867.495726119681,4957.999397255245,5625.930212091821,6408.2080623140655,6076.585812173829,6056.81366645016,7395.064335418353,7317.405958415629,7745.794247356165,7962.616551930046,6182.840467935933,6195.507185647658,6171.407598536541,5842.8,5861.7,4667.799999999999,5906.0,5736.5
105,MACAO,0.0,0.0,0.0,0.0,0.0,0.0,0.0,4073.0,4592.0,6681.0,7181.0,8482.0,11198.0,13749.0,15182.0,22688.0,31118.0,36593.0,43755.0,43412.0,31620.0,31155.0,36596.0,41481.0,41165.0,9321.0,15672.0,9064.0
106,MADAGASCAR,106.0,102.0,110.0,136.0,137.0,152.0,149.0,109.0,119.0,239.0,275.0,382.0,395.0,440.0,328.0,425.0,507.0,596.0,609.0,740.0,696.0,912.0,849.0,879.0,951.0,202.0,118.0,405.0
107,MALAWI,22.0,31.0,32.0,25.0,42.0,29.0,40.0,45.0,66.0,75.0,48.0,45.0,43.0,43.0,46.0,45.0,36.0,35.0,33.0,36.0,39.0,30.0,47.0,55.0,41.0,28.0,29.0,0.0
108,MALAYSIA,5044.0,5732.0,4925.0,3237.0,4403.0,5873.0,7627.0,8084.0,6799.0,9183.0,10389.0,12280.0,17948.0,18553.0,17231.0,19619.0,21338.0,21711.0,23283.0,24469.0,19194.0,19682.0,20311.0,21775.0,22200.0,3373.0,117.0,7816.0
109,MALDIVES,211.0,266.0,286.0,303.0,314.0,321.0,327.0,337.0,402.0,471.0,826.0,1235.0,1515.0,1559.0,1473.0,1713.0,1966.0,2032.0,2422.0,2811.0,2691.0,2640.0,2771.0,3054.0,3171.0,1408.0,3525.0,4513.0
110,MALI,26.0,27.0,25.0,28.0,36.0,47.0,91.0,105.0,136.0,142.0,149.0,175.4,227.0,286.0,196.0,208.0,218.0,144.0,178.2,213.9,186.0,201.6,207.4,231.0,235.0,82.3,191.3,0.0
111,MALTA,813.0,780.0,789.0,818.0,841.0,731.0,704.0,757.0,869.0,949.0,924.0,966.0,1185.0,1082.0,899.0,1066.0,1276.0,1260.0,1402.0,1521.0,1381.0,1451.0,1747.0,1848.0,1883.0,392.0,772.0,1590.0
112,MARSHALL ISLANDS,0.0,0.0,0.0,0.0,0.0,0.0,0.0,0.0,0.0,0.0,3.6900000000000004,3.58,3.3,2.7,3.1,3.7,4.78,4.09,4.3,5.4,1.5,30.4,18.1,20.1,3.9,4.3,0.0,0.0
113,MAURITANIA,11.0,19.0,21.0,20.0,28.0,0.0,0.0,0.0,0.0,0.0,0.0,0.0,0.0,0.0,0.0,0.0,0.0,50.0,50.0,42.0,31.0,33.0,24.0,6.1,13.7,6.4,6.6,16.8
114,MAURITIUS,616.0,705.0,666.0,672.0,718.0,732.0,820.0,829.0,960.0,1156.0,1189.0,1302.0,1663.0,1823.0,1390.0,1585.0,1808.0,1778.0,1593.0,1719.0,1680.0,1824.0,2005.0,2161.0,2024.0,518.0,383.0,1651.9
115,MEXICO,6847.0,7531.0,8184.0,8307.0,8135.0,9133.0,9190.0,10556.0,11255.0,12792.0,13908.0,14618.0,15795.0,16793.0,14332.0,14529.0,14568.0,15870.0,16252.0,18627.0,21504.0,23270.0,24619.0,26044.0,27126.0,12133.0,21508.0,30398.0
116,MICRONESIA,0.0,0.0,0.0,0.0,0.0,0.0,0.0,0.0,0.0,0.0,0.0,0.0,0.0,0.0,22.0,24.0,22.0,22.0,27.0,29.0,25.0,0.0,0.0,0.0,0.0,0.0,0.0,0.0
117,MOLDOVA,71.0,50.0,74.0,64.0,49.0,57.0,58.0,72.0,79.0,112.0,138.0,150.0,229.0,293.0,240.0,222.0,253.0,279.0,324.0,328.0,300.0,344.0,441.9,500.1,521.3,353.40000000000003,484.3,844.0
118,MONGOLIA,33.0,20.0,25.0,47.0,43.0,43.0,49.0,143.0,154.0,205.0,203.0,261.0,349.0,272.0,253.0,288.0,197.0,215.0,236.0,257.0,279.0,379.0,462.0,526.0,605.0,49.0,33.5,261.0
119,MONTENEGRO,0.0,0.0,0.0,0.0,0.0,0.0,0.0,0.0,0.0,0.0,0.0,0.0,660.0,859.0,792.0,765.0,926.0,860.0,929.0,959.0,947.0,978.0,1110.0,1224.0,1277.0,180.0,902.5,1110.0
120,MONTSERRAT,17.0,8.0,5.0,6.0,8.0,9.0,8.0,9.0,7.0,9.0,9.0,7.7,7.4,7.0,6.1,5.9,5.2,7.0,7.6,9.2,9.6,10.1,10.4,13.1,12.600000000000001,5.3999999999999995,1.9000000000000001,5.1000000000000005
121,MOROCCO,1469.0,1857.0,1649.0,1934.0,2177.0,2280.0,2966.0,3157.0,3802.0,4540.0,5426.0,6900.0,8307.0,8885.0,7980.0,8176.0,9101.0,8491.0,8201.0,9070.0,7765.0,7922.0,9086.0,9520.0,9949.0,4514.0,4670.0,10415.0
122,MOZAMBIQUE,0.0,49.0,61.0,61.0,61.0,74.0,64.0,65.0,106.0,96.0,138.0,145.0,182.0,213.0,217.0,135.0,171.0,224.0,228.0,225.0,202.0,114.0,164.0,331.0,324.0,113.0,188.0,290.0
123,MYANMAR,169.0,215.0,183.0,196.0,222.0,195.0,132.0,136.0,70.0,97.0,83.0,59.0,97.0,80.0,75.0,91.0,334.0,550.0,964.0,1687.0,2199.0,2289.0,1988.0,1670.0,2501.0,0.0,0.0,0.0
124,NAMIBIA,278.0,293.0,333.0,288.0,238.0,145.0,250.0,244.0,383.0,426.0,362.0,474.0,541.0,485.0,507.0,471.0,516.0,416.0,357.0,552.0,540.0,295.0,449.0,488.0,451.0,131.0,135.0,294.0
125,NAURU,0.0,0.0,0.0,0.0,0.0,0.0,0.0,0.0,0.0,0.0,0.0,0.0,0.0,0.6,0.5,0.6,1.0,1.0,1.5,6.8,1.7,3.4,3.9,1.6,0.0,0.0,0.0,0.0
126,NEPAL,232.0,237.0,201.0,248.0,229.0,219.0,191.0,134.0,232.0,260.0,160.0,157.0,234.0,353.0,439.0,378.0,415.0,379.0,460.0,511.0,509.0,498.0,712.0,740.0,801.0,238.0,176.0,432.6
127,NETHERLANDS,10611.0,11497.0,11750.0,11923.0,12451.0,11285.0,11147.0,11745.0,14603.0,16495.0,8770.0,9273.0,11313.0,12874.0,12063.0,11653.0,12897.0,17675.0,19429.0,19669.0,17558.0,19421.8,21630.0,23924.899999999998,22114.100000000002,10708.1,10456.6,18583.1
128,NEW CALEDONIA,108.0,114.0,117.0,110.0,112.0,111.0,94.0,156.0,196.0,241.0,149.0,122.0,142.0,267.0,236.0,226.0,285.0,288.0,287.0,287.0,246.0,248.0,0.0,0.0,0.0,0.0,0.0,0.0
129,NEW ZEALAND,2318.0,2553.0,2211.0,1857.0,2234.0,2272.0,2340.0,3159.0,4232.0,5098.0,6486.0,6148.0,7190.0,6961.0,5979.0,6523.0,7295.0,7142.0,7434.0,8582.0,9464.0,9773.0,10594.0,10961.0,10580.0,5686.0,2875.0,4096.0
130,NICARAGUA,51.0,55.0,82.0,103.0,128.0,129.0,135.0,135.0,160.0,192.0,206.0,249.0,277.0,303.0,336.0,314.0,391.0,421.0,417.0,446.0,528.0,642.0,841.0,544.0,515.0,199.0,184.0,596.0
131,NIGER,7.0,25.6,28.6,27.0,25.1,23.1,30.1,20.2,27.5,32.3,43.9,39.0,44.0,86.0,69.0,105.5,54.0,51.0,59.0,100.0,80.0,84.0,91.0,114.0,130.0,97.0,143.0,0.0
132,NIGERIA,47.0,58.0,83.0,81.0,99.0,186.0,168.0,256.0,58.0,49.0,139.0,209.0,337.0,958.0,791.0,736.0,688.0,638.0,616.0,605.0,461.0,1088.0,2615.0,1977.0,1471.0,321.0,265.0,1142.0
133,NIUE,0.0,0.0,0.0,0.0,0.0,0.0,0.0,0.0,0.0,0.0,0.0,0.0,0.0,0.0,0.0,0.0,0.0,0.0,0.0,0.0,0.0,7.0,8.3,0.0,0.0,0.0,0.0,0.0
134,NORTH MACEDONIA,19.0,35.0,29.0,30.0,80.0,88.0,49.0,55.0,86.0,103.0,116.0,156.0,219.0,262.0,232.0,199.0,242.0,237.0,270.0,298.0,268.0,283.0,331.0,387.0,401.0,253.0,387.0,483.0
135,NORWAY,2730.0,2770.0,2570.0,2545.0,2750.0,2521.0,2380.0,2581.0,2989.0,3531.0,4243.0,4289.0,5322.0,5702.0,4949.0,5299.0,6565.0,6784.0,7175.0,7503.0,6370.0,6285.0,6565.0,7280.0,7390.0,2172.0,2401.0,6445.0
136,OMAN,0.0,193.0,192.0,338.0,350.0,377.0,538.0,539.0,546.0,601.0,627.0,749.0,905.0,1105.0,1092.0,1072.0,1515.0,1723.0,1888.0,1971.0,2247.0,2324.0,2717.0,2975.0,3193.0,722.0,511.0,0.0
137,PAKISTAN,582.0,590.0,618.0,556.0,492.0,551.0,533.0,562.0,620.0,765.0,828.0,919.0,912.0,986.0,950.0,998.0,1127.0,1014.0,938.0,971.0,915.0,790.0,865.0,845.0,992.0,765.0,884.0,1182.0
138,PALAU,0.0,0.0,0.0,58.0,54.0,45.0,41.0,40.0,41.0,49.0,63.0,60.0,68.0,78.0,76.0,76.0,94.0,109.0,117.0,131.0,156.0,121.0,106.0,96.0,83.0,41.0,4.0,15.0
139,PANAMA,372.0,432.0,471.0,492.0,506.0,628.0,665.0,710.0,804.0,903.0,1108.0,1425.0,1806.0,2208.0,2280.0,2621.0,3630.0,4585.0,5419.0,5749.0,5754.0,6283.0,6827.0,7139.0,7051.0,1853.0,3611.0,7388.0
140,PAPUA NEW GUINEA,25.0,14.0,8.0,15.0,6.0,7.0,5.0,3.0,4.9,7.1,7.0,4.6,7.2,4.2,2.1,2.4,6.0,2.36,3.8000000000000003,2.8000000000000003,1.8,1.6,15.260000000000002,4.17,4.7,1.5,2.0,0.0
141,PARAGUAY,162.0,159.0,145.0,128.0,95.0,88.0,91.0,76.0,81.0,87.0,96.0,112.0,121.0,392.0,392.0,434.0,472.0,522.0,539.0,573.0,959.0,1039.0,1250.0,959.0,983.0,212.0,102.0,475.0
142,PERU,521.0,773.0,911.0,947.0,911.0,861.0,763.0,836.0,1023.0,1232.0,1438.0,1775.0,2007.0,2396.0,2440.0,2475.0,2814.0,3074.0,3916.0,3907.0,4140.0,4288.0,4439.0,4505.0,4703.0,1002.0,1043.0,2937.9
143,PHILIPPINES,1141.0,1551.0,2347.0,1431.0,2652.0,2334.0,2011.0,2018.0,1821.0,2390.0,2863.0,4051.0,5523.0,3293.0,2916.0,3441.0,4053.0,4963.0,5599.0,6059.0,6414.0,6289.0,8349.0,9715.0,11455.0,2499.0,953.0,5239.0
144,POLAND,6927.0,8764.0,9053.0,8321.0,6498.0,6128.0,5121.0,4971.0,4733.0,6521.0,7161.0,8153.0,11729.0,12897.0,9888.0,9875.0,11471.0,11704.0,12242.0,12691.0,11164.0,11922.0,14080.0,15699.0,16011.0,8843.0,10142.0,16419.0
145,PORTUGAL,5646.0,5572.0,5415.0,6390.0,6047.0,6029.0,6264.0,6643.0,7687.0,8902.0,9038.0,10487.0,12945.0,14081.0,12357.0,12984.0,14911.0,14578.0,16080.0,17577.0,16007.0,17347.0,21586.0,24365.0,24592.0,10533.0,13823.0,26309.0
146,PUERTO RICO,1828.0,1898.0,2046.0,2233.0,2139.0,2388.0,2728.0,2486.0,2677.0,3024.0,3239.0,3369.0,3414.0,3535.0,3176.0,3211.0,3143.0,3193.0,3311.0,3439.0,3825.0,3974.0,3903.6,3339.8,3636.7,2939.4,2802.9,3335.1
147,QATAR,0.0,0.0,0.0,0.0,122.0,128.0,272.0,285.0,369.0,498.0,760.0,874.0,0.0,0.0,0.0,0.0,4463.0,7220.0,8452.0,10576.0,12131.0,12593.0,15757.0,15239.0,15647.0,14318.0,14830.0,25046.0
148,ROMANIA,689.0,670.0,603.0,351.0,306.0,394.0,419.0,400.0,523.0,607.0,1324.0,1675.0,2073.0,2626.0,1688.0,1631.0,2016.0,1904.0,2307.0,2388.0,2229.0,2474.0,3553.0,3879.0,4240.0,1619.0,3525.0,5036.0
149,RUSSIA,4312.0,7102.0,7164.0,6508.0,3723.0,3429.0,4726.0,5278.0,5879.0,7262.0,7805.0,9720.0,12426.0,15821.0,12369.0,13239.0,16961.0,17876.0,20198.0,19451.0,13186.0,12822.0,14938.0,18735.0,17288.0,6029.0,6330.0,6819.0
150,RWANDA,4.0,6.0,19.0,20.0,21.0,27.0,29.0,31.0,30.0,44.0,67.0,148.0,177.0,224.0,223.0,224.0,298.0,337.0,364.0,376.0,427.0,443.0,496.0,547.0,635.9,212.0,284.0,618.0
151,SAINT KITTS AND NEVIS,63.0,68.0,72.0,71.0,69.0,58.0,62.0,57.0,75.0,103.0,121.0,132.0,125.0,110.0,83.0,90.0,94.0,95.0,101.0,343.0,317.0,332.0,352.0,366.0,362.0,107.0,153.0,302.0
152,SAINT LUCIA,230.0,237.0,253.0,283.0,263.0,281.0,233.0,210.0,282.0,326.0,382.0,294.0,302.0,311.0,296.0,309.0,321.0,337.0,354.0,778.0,810.0,776.0,875.0,963.0,1064.0,340.0,569.0,1080.0
153,SAINT VINCENT AND THE GRENADINES,53.0,64.0,71.0,73.0,85.0,82.0,89.0,91.0,91.0,96.0,104.0,113.0,110.0,96.0,88.0,86.0,92.0,94.0,92.0,178.5,211.1,221.3,215.4,244.0,246.0,90.0,62.0,171.0
154,SAMOA,35.699440885284616,40.39802241076014,38.511843999999996,39.600471,42.5,41.0,39.0,45.0,54.0,70.0,73.8,88.4,102.4,111.6,115.2,123.7,134.9,148.2,137.2,147.7,142.4,148.7,167.0,192.3,206.1,23.06,0.2,57.6
155,SAN MARINO,0.0,0.0,0.0,0.0,0.0,0.0,0.0,0.0,0.0,0.0,0.0,0.0,0.0,0.0,0.0,0.0,0.0,0.0,0.0,0.0,0.0,0.0,212.0,227.0,227.0,155.0,225.0,0.0
156,SAO TOME AND PRINCIPE,0.0,0.0,0.0,4.1,9.2,9.9,6.2,6.9,7.4,7.7,7.3,6.7,5.0,7.7,8.3,11.1,15.9,15.0,30.6,56.0,62.1,68.8,65.9,71.9,44.7,16.4,30.0,47.5
157,SAUDI ARABIA,0.0,0.0,0.0,0.0,0.0,0.0,0.0,0.0,0.0,6486.0,4626.0,4769.0,6907.0,6775.0,6744.0,7536.0,9317.0,8400.0,8690.0,9263.0,11183.0,13438.0,15020.0,16974.0,19849.0,4646.0,4639.0,26517.0
158,SENEGAL,168.1803070896948,164.0,171.0,181.0,183.0,152.0,175.0,210.0,269.0,286.0,334.0,329.0,622.0,640.0,475.0,464.0,525.0,469.0,495.0,482.0,417.0,439.0,470.0,557.0,586.0,136.0,416.0,0.0
159,SERBIA,0.0,0.0,0.0,0.0,0.0,0.0,0.0,0.0,0.0,0.0,0.0,0.0,1018.0,1114.0,986.0,950.0,1149.0,1080.0,1221.0,1352.0,1322.0,1461.0,1706.0,1941.0,2000.0,1430.0,2179.0,3074.0
160,SERBIA AND MONTENEGRO,42.0,43.0,45.0,40.0,19.0,30.0,54.0,0.0,0.0,0.0,0.0,0.0,0.0,0.0,0.0,0.0,0.0,0.0,0.0,0.0,0.0,0.0,0.0,0.0,0.0,0.0,0.0,0.0
161,SEYCHELLES,224.0,182.0,195.0,191.0,202.0,225.0,221.0,247.0,258.0,256.0,269.0,323.0,396.0,408.0,349.0,352.0,380.0,429.0,484.0,481.0,483.0,751.0,843.0,852.0,884.0,334.0,594.0,964.0
162,SIERRA LEONE,57.0,29.0,10.0,6.0,6.0,10.0,14.0,38.0,60.0,58.0,64.0,23.0,22.0,34.0,25.0,26.0,44.0,47.0,66.0,35.0,37.0,41.0,39.0,39.0,43.0,39.0,22.5,0.0
163,SINGAPORE,7611.0,7402.0,6326.0,4603.0,5089.0,5142.0,4641.0,4458.0,3842.0,5327.0,6209.0,7536.0,9066.0,10615.0,9225.0,14178.0,17929.0,18795.0,19231.0,19161.0,16617.0,18974.0,19914.0,20411.0,20300.0,5355.0,4109.0,11794.0
164,SINT MAARTEN (DUTCH PART),349.0,322.0,379.0,430.0,443.0,511.0,484.0,489.0,538.0,626.0,659.0,651.0,665.0,667.0,619.0,681.0,729.0,854.0,871.0,922.0,913.0,871.0,646.0,468.0,708.0,243.0,499.0,974.1
165,SLOVAKIA,630.0,681.0,555.0,493.0,465.0,441.0,649.0,742.0,876.0,931.0,1282.0,1655.0,2352.0,3096.0,2541.0,2334.0,2515.0,2365.0,2702.0,2642.0,2480.0,2812.0,3024.0,3318.0,3350.0,1340.0,1179.0,1481.0
166,SLOVENIA,1128.0,1280.0,1225.0,1135.0,1011.0,1016.0,1059.0,1152.0,1427.0,1725.0,1894.0,2075.0,2464.0,2955.0,2817.0,2808.0,3048.0,2793.0,2966.0,3052.0,2594.0,2717.9,3055.1,3377.5,3353.1000000000004,1460.7,2032.2,3141.9
167,SOLOMON ISLANDS,17.099999999999998,16.0,9.7,7.1,9.7,4.0,8.8,0.7999999999999999,1.6,3.52,6.4,30.900000000000002,33.1,31.2,39.3,50.8,65.89999999999999,65.4,70.5,64.8,60.0,71.0,79.0,92.0,82.0,7.0,0.0,14.399999999999999
168,SOUTH AFRICA,2654.0,3137.0,3422.0,3419.0,3407.0,3338.0,3256.0,3695.0,6674.0,7571.0,8629.0,9211.0,10226.0,9178.0,8684.0,10309.0,10706.0,11202.0,10468.0,10484.0,9140.0,8807.0,9706.0,9789.0,9064.0,2716.0,2113.0,4793.0
169,SOUTH KOREA,6670.0,6350.0,6317.0,8263.0,8337.0,8527.0,7917.0,7617.0,7002.0,8222.0,8282.0,8437.0,9253.0,13440.0,13262.0,14315.0,17329.0,18731.0,19457.0,22390.0,18711.0,20924.0,17173.0,23104.0,25456.0,11524.0,11432.0,14501.0
170,SOUTH SUDAN,0.0,0.0,0.0,0.0,0.0,0.0,0.0,0.0,0.0,0.0,0.0,0.0,0.0,0.0,0.0,0.0,0.0,0.0,0.0,0.8,22.0,23.5,26.0,12.0,5.5,0.0,13.5,25.0
171,SPAIN,27369.0,29751.0,28649.0,31592.0,32733.0,31528.0,32519.0,34130.0,42786.0,48746.0,51959.0,56181.0,63491.0,68875.0,59795.0,58348.0,67809.0,62936.0,68414.0,71656.0,62449.0,66982.0,75906.0,81420.0,79571.0,18379.0,34183.0,72097.0
172,SRI LANKA,367.0,282.0,351.0,369.0,414.0,388.0,347.0,594.0,709.0,808.0,729.0,733.0,750.0,803.0,754.0,1044.0,1421.0,1756.0,2506.0,3278.0,3978.0,4591.0,5083.0,5608.0,4663.0,1076.0,615.0,1356.8
173,STATE OF PALESTINE,255.0,242.0,239.0,346.0,377.0,94.0,14.0,14.0,66.0,84.0,52.0,25.0,99.0,146.0,193.0,409.0,615.0,469.0,510.0,412.0,308.0,234.0,241.0,301.0,726.0,465.0,615.0,415.0
174,SUDAN,8.0,8.0,4.0,2.0,2.0,5.0,3.0,108.0,17.0,21.0,114.0,194.0,390.0,255.0,231.0,82.0,179.0,772.0,773.0,967.0,949.0,1009.0,1029.0,1043.0,821.0,689.0,1077.0,1065.0
175,SURINAME,52.0,44.0,38.0,36.0,45.0,42.0,26.0,17.0,18.0,52.0,96.0,109.0,73.0,83.0,70.0,69.0,69.0,79.0,92.0,103.0,99.0,74.0,61.0,73.0,64.0,19.0,14.2,32.0
176,SWEDEN,4390.0,4534.0,4025.0,4997.0,4943.0,4825.0,5200.0,5671.0,6548.0,7686.0,7628.0,9714.0,11889.0,11732.0,9769.0,10674.0,10209.0,10104.0,9166.0,9231.0,8374.0,9129.0,10019.0,9973.0,9173.0,4347.0,6062.0,8962.0
177,SWITZERLAND,11354.0,10779.0,10036.0,10188.0,9135.0,9058.0,9392.0,9198.0,10427.0,11217.0,11914.0,12961.0,14934.0,18016.0,17023.0,17883.0,20809.0,19567.0,20239.0,21355.0,20138.0,19784.0,20398.0,21296.0,21378.0,11110.0,12123.0,19225.0
178,SYRIAN ARAB REPUBLIC,1258.0,1165.0,1013.0,1017.0,1031.0,1082.0,1150.0,970.0,877.0,1883.0,2035.0,2113.0,2972.0,3176.0,3781.0,6308.0,1816.0,0.0,0.0,0.0,0.0,0.0,0.0,0.0,0.0,0.0,0.0,0.0
179,TAIWAN,3985.0,4219.0,3943.0,3800.0,4057.0,4253.0,4849.0,5077.0,3578.0,4670.0,5740.0,5956.0,6274.0,7156.0,7956.0,10387.0,13067.0,14115.0,14782.0,17419.0,16987.0,12824.0,14847.0,16366.0,17102.0,2346.0,860.0,3381.0
180,TAJIKISTAN,0.0,0.0,0.0,0.0,0.0,0.0,0.0,5.0,6.2,9.6,9.1,11.2,16.5,23.7,19.5,141.5,184.1,286.6,233.3,220.2,146.0,149.6,171.6,170.9,179.1,102.4,98.89999999999999,74.0
181,TANZANIA,502.0,473.0,343.0,404.0,467.0,381.0,626.0,639.0,654.0,762.0,835.0,986.0,1215.0,1293.0,1192.0,1279.0,1383.0,1754.0,1939.0,2047.0,1924.0,2149.0,2265.0,2465.0,2624.5,726.0,1324.0,2544.0
182,THAILAND,9257.0,10367.0,9052.0,7954.0,9416.0,9935.0,9378.0,10388.0,10456.0,13054.0,12103.0,16624.0,20625.0,22510.0,19811.0,23796.0,30924.0,34565.0,41765.0,38451.0,44851.0,48459.0,57057.0,61383.0,64371.0,14573.0,5276.0,16492.0
183,TIMOR-LESTE,0.0,0.0,0.0,0.0,0.0,0.0,0.0,0.0,0.0,0.0,0.0,20.3,26.0,14.0,16.0,24.0,18.0,21.0,29.0,35.0,51.0,58.0,73.0,78.0,70.0,26.0,12.0,43.0
184,TOGO,13.0,10.0,12.0,15.0,10.0,11.0,14.0,16.0,26.0,25.0,27.0,23.0,38.0,44.0,73.0,105.0,209.0,206.0,233.0,233.0,212.0,223.0,245.0,269.0,264.0,151.0,0.0,0.0
185,TONGA,10.0,13.0,16.0,8.0,9.0,7.0,6.8,5.9,10.3,13.100000000000001,15.0,15.7,15.200000000000001,18.0,18.4,17.3,32.5,40.0,47.0,38.3,46.4,52.699999999999996,48.5,48.1,57.1,47.7,9.129999999999999,9.66
186,TRINIDAD AND TOBAGO,232.0,262.0,344.0,356.0,365.0,371.0,361.0,402.0,437.0,568.0,593.0,517.0,621.0,557.0,548.0,630.0,650.0,852.0,856.0,875.0,809.0,708.0,717.0,541.0,481.0,152.0,116.8,505.6
187,TUNISIA,1838.0,1895.0,1858.0,1980.0,2118.0,1977.0,2061.0,1831.0,1935.0,2432.0,2800.0,2999.0,3373.0,3909.0,3524.0,3477.0,2529.0,2931.0,2863.0,3042.0,1869.0,1706.0,1782.0,2632.0,3030.0,1153.0,1462.0,2546.0
188,TURKS AND CAICOS ISLANDS,0.0,0.0,0.0,0.0,0.0,0.0,0.0,0.0,0.0,0.0,0.0,0.0,0.0,0.0,0.0,0.0,0.0,0.0,0.0,584.0,619.0,706.0,571.0,787.0,0.0,0.0,0.0,0.0
189,TUVALU,0.0,0.0,0.0,0.0,0.0,0.0,0.6,0.8,0.9,1.3,1.2,1.2,1.5,1.9,1.5,2.4,2.4,2.7,4.8,4.7,6.0,5.8,6.699999999999999,7.0,8.7,2.1,0.99,1.4700000000000002
190,TÜRKIYE,4957.0,5650.0,7002.0,7177.0,5203.0,7636.0,10067.0,11901.0,13203.0,15888.0,20760.0,19137.0,21662.0,26446.0,26331.0,26318.0,30302.0,32248.0,38748.0,40859.0,36347.0,26875.0,32483.0,37505.0,45789.0,16719.0,33706.0,57849.0
191,UGANDA,78.0,117.0,135.0,144.0,151.0,165.0,187.0,194.0,185.0,268.0,382.0,347.0,402.0,536.0,683.0,802.0,977.0,1157.0,960.0,984.0,1049.0,1118.0,954.0,1522.0,1400.0,519.0,942.0,1030.0
192,UKRAINE,191.0,448.0,477.0,539.0,503.0,563.0,759.0,1001.0,1204.0,2931.0,3542.0,4018.0,5320.0,6722.0,4349.0,4696.0,5406.0,5988.0,5931.0,2264.0,1662.0,1723.0,2019.0,2269.0,2595.0,669.0,1387.0,849.0
193,UNITED ARAB EMIRATES,0.0,0.0,0.0,0.0,0.0,0.0,0.0,0.0,0.0,0.0,0.0,0.0,0.0,0.0,0.0,0.0,0.0,0.0,0.0,0.0,25587.1,28657.4,29705.5,34609.5,38413.299999999996,24615.4,34440.0,0.0
194,UNITED KINGDOM,27577.0,29181.0,30483.0,31658.0,24007.0,23569.0,21712.0,23708.0,26057.0,32114.0,34252.0,40160.0,44970.0,41470.0,37072.0,38567.0,42742.0,45398.0,50498.0,56748.0,55839.0,53026.0,54912.0,56043.0,58430.0,26668.0,32959.0,67587.0
195,UNITED STATES OF AMERICA,93743.0,102196.0,107047.0,105095.0,109188.0,118316.0,105454.0,97415.0,94814.0,107210.0,116682.0,121030.0,134800.0,149094.0,137111.0,161821.0,178935.0,195113.0,213105.0,222746.0,230574.0,228549.0,233758.0,241984.0,239065.0,84297.0,84171.0,165461.0
196,URUGUAY,725.0,890.0,862.0,695.0,653.0,827.0,700.0,409.0,419.0,591.0,699.0,711.0,928.0,1195.0,1460.0,1669.0,2401.0,2666.0,2481.0,2341.0,2349.0,2396.0,2924.0,2712.0,2341.0,1085.0,587.0,1838.0
197,UZBEKISTAN,0.0,0.0,0.0,0.0,0.0,63.0,72.0,68.0,48.0,57.0,321.0,371.0,555.0,622.0,597.0,384.5,498.6,457.0,749.0,660.0,694.0,579.0,835.0,1314.0,1711.0,400.0,722.0,1731.0
198,VANUATU,45.0,56.0,53.0,72.0,59.0,69.0,58.0,72.0,83.0,93.0,104.0,109.0,142.0,188.0,214.0,242.0,249.0,268.0,314.0,280.0,234.0,264.0,282.0,285.0,246.0,58.0,2.2,31.5
199,VENEZUELA,995.0,1026.0,623.0,769.0,643.0,469.0,677.0,484.0,378.0,554.0,722.0,843.0,972.0,1097.0,1053.0,885.0,806.0,904.0,926.0,900.0,654.0,546.0,0.0,0.0,0.0,0.0,0.0,0.0
200,YEMEN,50.0,55.0,70.0,84.0,61.0,73.0,38.0,38.0,139.0,139.0,181.0,181.0,425.0,886.0,899.0,1291.0,910.0,1005.0,1097.0,1199.0,116.0,116.0,0.0,0.0,0.0,0.0,0.0,0.0
201,ZAMBIA,0.0,0.0,29.0,40.0,53.0,67.0,80.0,64.0,88.0,92.0,447.0,506.0,599.0,542.0,474.0,492.0,555.0,518.0,552.0,642.0,660.0,683.0,653.0,742.0,819.0,412.0,393.0,829.0
202,ZIMBABWE,0.0,0.0,0.0,0.0,0.0,0.0,0.0,0.0,0.0,0.0,0.0,0.0,0.0,0.0,129.0,135.0,164.0,174.0,183.0,186.0,191.0,194.0,158.0,191.0,285.0,66.0,0.0,0.0
